{"sayingsData":{"properties":{"title":"Ayuda al chico con los deberes","turn":"Grupo 1","squareLeft1":"0vw","squareLeft2":"0vw","squareLeft3":"0vw","squareLeft4":"0vw","squareLeft5":"0vw","squareRight1":"0vw","squareRight2":"0vw","squareRight3":"0vw","squareRight4":"0vw","squareRight5":"0vw","squareBorderColor1":"","squareBorderColor2":"","squareBorderColor3":"","squareBorderColor4":"","squareBorderColor5":"","halfSaying1Text":"En abril...","halfSaying2Text":"A quien madruga...","halfSaying3Text":"Al mal tiempo...","halfSaying4Text":"En boca cerrada...","halfSaying5Text":"A caballo regalado...","halfSaying6Text":"buena cara","halfSaying7Text":"aguas mil","halfSaying8Text":"no entran moscas","halfSaying9Text":"no le mires el dentado","halfSaying10Text":"dios le ayuda","startSayingBackground":"https://github.com/Berty980/TFG_resources/blob/main/images/startSayingBackground.png?raw=true","endSayingBackground":"https://raw.githubusercontent.com/Berty980/TFG_resources/main/images/endSayingBackground.png","exitButtonText":"Volver","continueButtonText":"Continuar","helpIcon":"https://raw.githubusercontent.com/Berty980/TFG_resources/main/images/help_icon.png","disableButtons":false,"buttonsOpacity":1,"endingOpacity":1,"avatarOpacity":0,"avatar":"https://raw.githubusercontent.com/Berty980/TFG_resources/main/images/avatar_happy.png"}}}