{
  "interactionModel": {
    "languageModel": {
      "intents": [
        {
          "name": "AMAZON.CancelIntent",
          "samples": []
        },
        {
          "name": "AMAZON.HelpIntent",
          "samples": [
            "me lo repites",
            "me ayudas",
            "no sé que hacer",
            "no sé qué hacer",
            "no se qué hacer",
            "no se que hacer",
            "que tengo que hacer",
            "que hago",
            "qué hago",
            "repite",
            "ayuda"
          ]
        },
        {
          "name": "AMAZON.StopIntent",
          "samples": []
        },
        {
          "name": "AMAZON.NavigateHomeIntent",
          "samples": []
        },
        {
          "name": "AMAZON.PauseIntent",
          "samples": []
        },
        {
          "name": "AMAZON.ResumeIntent",
          "samples": []
        },
        {
          "slots": [
            {
              "name": "game",
              "type": "game"
            }
          ],
          "name": "CatalogIntent",
          "samples": [
            "jugar a {game}",
            "quiero jugar a {game}",
            "{game}",
            "a {game}"
          ]
        },
        {
          "slots": [
            {
              "name": "direction",
              "type": "direction"
            },
            {
              "name": "labAnswer",
              "type": "labAnswers"
            }
          ],
          "name": "LabyrinthIntent",
          "samples": [
            "{labAnswer}",
            "Ve {direction}"
          ]
        },
        {
          "slots": [
            {
              "name": "sayingEnd",
              "type": "sayingEnd"
            },
            {
              "name": "sayingStart",
              "type": "sayingStart"
            }
          ],
          "name": "SayingsIntent",
          "samples": [
            "{sayingStart} {sayingEnd}"
          ]
        },
        {
          "slots": [
            {
              "name": "answer",
              "type": "answer"
            }
          ],
          "name": "AnswerIntent",
          "samples": [
            "{answer}"
          ]
        },
        {
          "slots": [
            {
              "name": "image",
              "type": "imageId"
            },
            {
              "name": "place",
              "type": "imageId"
            }
          ],
          "name": "ImagesIntent",
          "samples": [
            "{image}",
            "El {image} en el {place}",
            "El trozo {image} en el hueco {place}",
            "La {image} en la {place}",
            "La {image} en el {place}",
            "La pieza {image}",
            "La {image}",
            "el {image} y el {place}",
            "el {image} con el {place}",
            "la {image} con la {place}",
            "la {image} y la {place}"
          ]
        },
        {
          "slots": [
            {
              "name": "minigame",
              "type": "minigame"
            }
          ],
          "name": "ChooseMinigameIntent",
          "samples": [
            "ve a {minigame}"
          ]
        },
        {
          "slots": [],
          "name": "GoBackIntent",
          "samples": [
            "volver"
          ]
        },
        {
          "slots": [
            {
              "name": "level",
              "type": "pairsLevel"
            }
          ],
          "name": "PairsLevelIntent",
          "samples": [
            "nivel {level}",
            "{level}"
          ]
        },
        {
          "slots": [
            {
              "name": "sport",
              "type": "sport"
            }
          ],
          "name": "SportsIntent",
          "samples": [
            "{sport}"
          ]
        },
        {
          "slots": [
            {
              "name": "mode",
              "type": "mode"
            }
          ],
          "name": "InteractionModeIntent",
          "samples": [
            "por {mode}",
            "interacción {mode}",
            "modo {mode}",
            "{mode}"
          ]
        },
        {
          "slots": [
            {
              "name": "name",
              "type": "AMAZON.FirstName"
            }
          ],
          "name": "IdentificationIntent",
          "samples": [
            "{name}",
            "mi nombre es {name}",
            "yo soy {name}",
            "me llamo {name}",
            "soy {name}"
          ]
        }
      ],
      "types": [
        {
          "values": [
            {
              "name": {
                "value": "adivinar el deporte"
              }
            },
            {
              "name": {
                "value": "encontrar las parejas"
              }
            },
            {
              "name": {
                "value": "encontremos el mapa"
              }
            }
          ],
          "name": "game"
        },
        {
          "values": [
            {
              "name": {
                "value": "derecha"
              }
            },
            {
              "name": {
                "value": "izquierda"
              }
            },
            {
              "name": {
                "value": "abajo"
              }
            },
            {
              "name": {
                "value": "arriba"
              }
            }
          ],
          "name": "direction"
        },
        {
          "values": [
            {
              "name": {
                "value": "perdió su silla"
              }
            },
            {
              "name": {
                "value": "le llega su san martín"
              }
            },
            {
              "name": {
                "value": "pocas palabras bastan"
              }
            },
            {
              "name": {
                "value": "no le mires el dentado"
              }
            },
            {
              "name": {
                "value": "no entran moscas"
              }
            },
            {
              "name": {
                "value": "no le mires el diente"
              }
            },
            {
              "name": {
                "value": "buena cara"
              }
            },
            {
              "name": {
                "value": "dios le ayuda"
              }
            },
            {
              "name": {
                "value": "aguas 1000"
              }
            }
          ],
          "name": "sayingEnd"
        },
        {
          "values": [
            {
              "name": {
                "value": "a mal tiempo"
              }
            },
            {
              "name": {
                "value": "a todo cerdo"
              }
            },
            {
              "name": {
                "value": "a cada cerdo"
              }
            },
            {
              "name": {
                "value": "el que se fue a sevilla"
              }
            },
            {
              "name": {
                "value": "quién se fue a sevilla"
              }
            },
            {
              "name": {
                "value": "quien se fue a sevilla"
              }
            },
            {
              "name": {
                "value": "a buen entendedor"
              }
            },
            {
              "name": {
                "value": "a quien madruga"
              }
            },
            {
              "name": {
                "value": "a quién madruga"
              }
            },
            {
              "name": {
                "value": "a caballo regalado"
              }
            },
            {
              "name": {
                "value": "al mal tiempo"
              }
            },
            {
              "name": {
                "value": "en boca cerrada"
              }
            },
            {
              "name": {
                "value": "en abril"
              }
            }
          ],
          "name": "sayingStart"
        },
        {
          "values": [
            {
              "name": {
                "value": "por supuesto"
              }
            },
            {
              "name": {
                "value": "claro"
              }
            },
            {
              "name": {
                "value": "vale"
              }
            },
            {
              "name": {
                "value": "no"
              }
            },
            {
              "name": {
                "value": "si"
              }
            },
            {
              "name": {
                "value": "sí"
              }
            }
          ],
          "name": "answer"
        },
        {
          "values": [
            {
              "name": {
                "value": "8"
              }
            },
            {
              "name": {
                "value": "7"
              }
            },
            {
              "name": {
                "value": "6"
              }
            },
            {
              "name": {
                "value": "5"
              }
            },
            {
              "name": {
                "value": "4"
              }
            },
            {
              "name": {
                "value": "3"
              }
            },
            {
              "name": {
                "value": "2"
              }
            },
            {
              "name": {
                "value": "1"
              }
            }
          ],
          "name": "imageId"
        },
        {
          "values": [
            {
              "name": {
                "value": "viaducto"
              }
            },
            {
              "name": {
                "value": "amantes de teruel"
              }
            },
            {
              "name": {
                "value": "amantes"
              }
            },
            {
              "name": {
                "value": "torico"
              }
            },
            {
              "name": {
                "value": "torre de san martín"
              }
            },
            {
              "name": {
                "value": "los amantes de teruel"
              }
            },
            {
              "name": {
                "value": "san martin"
              }
            },
            {
              "name": {
                "value": "la torre de san martín"
              }
            },
            {
              "name": {
                "value": "san martín"
              }
            },
            {
              "name": {
                "value": "el torico"
              }
            },
            {
              "name": {
                "value": "los amantes"
              }
            },
            {
              "name": {
                "value": "el viaducto"
              }
            }
          ],
          "name": "labAnswers"
        },
        {
          "values": [
            {
              "name": {
                "value": "hacer turismo"
              }
            },
            {
              "name": {
                "value": "montar el mapa"
              }
            },
            {
              "name": {
                "value": "deberes"
              }
            },
            {
              "name": {
                "value": "reconocer imagen"
              }
            }
          ],
          "name": "minigame"
        },
        {
          "values": [
            {
              "name": {
                "value": "difícil"
              }
            },
            {
              "name": {
                "value": "medio"
              }
            },
            {
              "name": {
                "value": "fácil"
              }
            }
          ],
          "name": "pairsLevel"
        },
        {
          "values": [
            {
              "name": {
                "value": "ping pong"
              }
            },
            {
              "name": {
                "value": "pinpon"
              }
            },
            {
              "name": {
                "value": "natación"
              }
            },
            {
              "name": {
                "value": "fórmula 1"
              }
            },
            {
              "name": {
                "value": "ciclismo"
              }
            },
            {
              "name": {
                "value": "rugby"
              }
            },
            {
              "name": {
                "value": "tenis"
              }
            },
            {
              "name": {
                "value": "escalada"
              }
            },
            {
              "name": {
                "value": "esquí"
              }
            },
            {
              "name": {
                "value": "baloncesto"
              }
            },
            {
              "name": {
                "value": "fútbol"
              }
            }
          ],
          "name": "sport"
        },
        {
          "values": [
            {
              "name": {
                "value": "completo"
              }
            },
            {
              "name": {
                "value": "voz"
              }
            },
            {
              "name": {
                "value": "táctil"
              }
            }
          ],
          "name": "mode"
        }
      ],
      "invocationName": "catálogo de juegos"
    }
  }
}