{"type":"APL","version":"2024.2","license":"Copyright 2024 Amazon.com, Inc. or its affiliates. All Rights Reserved.\nSPDX-License-Identifier: LicenseRef-.amazon.com.-AmznSL-1.0\nLicensed under the Amazon Software License  http://aws.amazon.com/asl/","theme":"light","import":[{"name":"alexa-layouts","version":"1.7.0"},{"name":"alexa-viewport-profiles","version":"1.6.0"}],"mainTemplate":{"parameters":["loadGameData"],"bind":[],"items":[{"type":"Container","height":"100%","width":"100%","direction":"column","paddingTop":"25vh","paddingLeft":"5vw","items":[{"type":"AlexaBackground","backgroundColor":"white"},{"type":"Text","text":"${loadGameData.properties.questionText}","fontSize":"${20*@viewportWidth}","height":"25vh","width":"90vw","textAlign":"center","textAlignVertical":"center"},{"type":"Container","height":"30vh","width":"90vw","direction":"row","spacing":"10vh","paddingLeft":"2.5vw","items":[{"type":"TouchWrapper","id":"yesButton","height":"30vh","width":"40vw","alignSelf":"center","opacity":"${loadGameData.properties.buttonsOpacity}","disabled":"${loadGameData.properties.disableButtons}","item":{"type":"Frame","height":"100%","width":"100%","borderRadius":"5vw","borderColor":"#424242","borderWidth":"0.15vw","item":{"type":"Text","text":"${loadGameData.properties.yesButtonText}","height":"100%","width":"100%","fontSize":"${20*@viewportWidth}","textAlign":"center","textAlignVertical":"center"}},"onPress":[{"type":"SendEvent","arguments":["yes"]}]},{"type":"TouchWrapper","id":"noButton","height":"30vh","width":"40vw","spacing":"5vw","alignSelf":"center","opacity":"${loadGameData.properties.buttonsOpacity}","disabled":"${loadGameData.properties.disableButtons}","item":{"type":"Frame","height":"30vh","width":"40vw","borderRadius":"5vw","borderColor":"#424242","borderWidth":"0.15vw","item":{"type":"Text","text":"${loadGameData.properties.noButtonText}","height":"30vh","width":"40vw","fontSize":"${20*@viewportWidth}","textAlign":"center","textAlignVertical":"center"}},"onPress":[{"type":"SendEvent","arguments":["no"]}]}]},{"type":"Frame","position":"absolute","height":"10vh","width":"14vw","top":"5vh","left":"4vw","borderRadius":"5vw","borderColor":"#424242","borderWidth":"0.4vw","opacity":"${loadGameData.properties.buttonsOpacity}","items":[{"type":"TouchWrapper","id":"exitButton","height":"100%","width":"100%","disabled":"${loadGameData.properties.disableButtons}","item":{"type":"Text","text":"${loadGameData.properties.exitButtonText}","height":"100%","width":"100%","fontSize":"${15*@viewportWidth}","textAlign":"center","textAlignVertical":"center"},"onPress":[{"type":"SendEvent","arguments":["Voice"]}]}]},{"type":"TouchWrapper","id":"helpButton","position":"absolute","height":"16.5vh","width":"18vh","top":"4vh","left":"91%","item":{"type":"Image","source":"${loadGameData.properties.helpIcon}","scale":"fill","height":"100%","width":"100%"},"onPress":[{"type":"SendEvent","arguments":["help"]}]}]}]}}