{"catalogData":{"properties":{"title":"Catálogo de juegos","game1":"Encontrar las parejas","imageGame1":"https://raw.githubusercontent.com/Berty980/TFG_resources/refs/heads/main/images/find_pairs_image.png","game2":"Adivinar el deporte","imageGame2":"https://raw.githubusercontent.com/Berty980/TFG_resources/refs/heads/main/images/guess_sport_image.png","game3":"Encontremos el mapa","imageGame3":"https://raw.githubusercontent.com/Berty980/TFG_resources/refs/heads/main/images/map_search_image.png","exitButtonText":"Volver","helpIcon":"https://raw.githubusercontent.com/Berty980/TFG_resources/refs/heads/main/images/help_icon.png","disableButtons":true,"buttonsOpacity":1}}}