{"type":"APL","version":"2024.2","license":"Copyright 2024 Amazon.com, Inc. or its affiliates. All Rights Reserved.\nSPDX-License-Identifier: LicenseRef-.amazon.com.-AmznSL-1.0\nLicensed under the Amazon Software License  http://aws.amazon.com/asl/","theme":"light","import":[{"name":"alexa-viewport-profiles","version":"1.0.0"},{"name":"alexa-layouts","version":"1.7.0"}],"mainTemplate":{"parameters":["sayingsData"],"items":[{"type":"Container","height":"100%","width":"100%","paddingTop":"5vh","direction":"column","items":[{"type":"AlexaBackground","backgroundColor":"white"},{"type":"Text","text":"${sayingsData.properties.title}","fontSize":"${17*@viewportWidth}","height":"10vh","width":"100%","textAlign":"center","textAlignVertical":"center"},{"type":"Container","height":"9vh","width":"100%","direction":"row","spacing":"6vh","opacity":"${sayingsData.properties.endingOpacity}","items":[{"type":"Container","height":"9vh","width":"40vw","right":"${sayingsData.properties.squareLeft1}","items":[{"type":"Image","position":"absolute","height":"100%","width":"100%","scale":"fill","source":"${sayingsData.properties.startSayingBackground}"},{"type":"TouchWrapper","id":"sayingButton","disabled":"${sayingsData.properties.disableButtons}","height":"100%","width":"100%","item":{"type":"Frame","width":"100%","height":"100%","borderWidth":"0.5vh","borderColor":"${sayingsData.properties.squareBorderColor1}","items":{"type":"Text","text":"${sayingsData.properties.halfSaying1Text}","height":"100%","width":"100%","textAlignVertical":"center","textAlign":"left","paddingLeft":"2.5vw","fontSize":"${14*@viewportWidth}","color":"black"}},"onPress":[{"type":"SendEvent","arguments":["Voice"]}]}]},{"type":"Container","height":"9vh","width":"45vw","spacing":"15vw","left":"${sayingsData.properties.squareRight1}","items":[{"type":"Image","position":"absolute","height":"100%","width":"45vw","scale":"fill","source":"${sayingsData.properties.endSayingBackground}"},{"type":"TouchWrapper","id":"sayingButton","disabled":"${sayingsData.properties.disableButtons}","height":"100%","width":"100%","item":{"type":"Frame","width":"100%","height":"100%","items":{"type":"Text","text":"${sayingsData.properties.halfSaying6Text}","height":"100%","width":"100%","textAlignVertical":"center","textAlign":"left","paddingLeft":"5vw","fontSize":"${14*@viewportWidth}","color":"black"}},"onPress":[{"type":"SendEvent","arguments":["Voice"]}]}]}]},{"type":"Container","height":"9vh","width":"100%","direction":"row","spacing":"6vh","opacity":"${sayingsData.properties.endingOpacity}","items":[{"type":"Container","height":"100%","width":"40vw","right":"${sayingsData.properties.squareLeft2}","items":[{"type":"Image","position":"absolute","height":"100%","width":"100%","scale":"fill","source":"${sayingsData.properties.startSayingBackground}"},{"type":"TouchWrapper","id":"sayingButton","disabled":"${sayingsData.properties.disableButtons}","height":"100%","width":"100%","item":{"type":"Frame","width":"100%","height":"100%","borderWidth":"0.5vh","borderColor":"${sayingsData.properties.squareBorderColor2}","items":{"type":"Text","text":"${sayingsData.properties.halfSaying2Text}","height":"100%","width":"100%","textAlignVertical":"center","textAlign":"left","paddingLeft":"2.5vw","fontSize":"${14*@viewportWidth}","color":"black"}},"onPress":[{"type":"SendEvent","arguments":["Voice"]}]}]},{"type":"Container","height":"100%","width":"45vw","spacing":"15vw","left":"${sayingsData.properties.squareRight2}","items":[{"type":"Image","position":"absolute","height":"100%","width":"100%","scale":"fill","source":"${sayingsData.properties.endSayingBackground}"},{"type":"TouchWrapper","id":"sayingButton","disabled":"${sayingsData.properties.disableButtons}","height":"100%","width":"100%","item":{"type":"Frame","width":"100%","height":"100%","items":{"type":"Text","text":"${sayingsData.properties.halfSaying7Text}","height":"100%","width":"100%","textAlignVertical":"center","textAlign":"left","paddingLeft":"5vw","fontSize":"${14*@viewportWidth}","color":"black"}},"onPress":[{"type":"SendEvent","arguments":["Voice"]}]}]}]},{"type":"Container","height":"9vh","width":"100%","direction":"row","spacing":"6vh","opacity":"${sayingsData.properties.endingOpacity}","items":[{"type":"Container","height":"9vh","width":"40vw","right":"${sayingsData.properties.squareLeft3}","items":[{"type":"Image","position":"absolute","height":"100%","width":"100%","scale":"fill","source":"${sayingsData.properties.startSayingBackground}"},{"type":"TouchWrapper","id":"sayingButton","disabled":"${sayingsData.properties.disableButtons}","height":"100%","width":"100%","item":{"type":"Frame","width":"100%","height":"100%","borderWidth":"0.5vh","borderColor":"${sayingsData.properties.squareBorderColor3}","items":{"type":"Text","text":"${sayingsData.properties.halfSaying3Text}","height":"100%","width":"100%","textAlignVertical":"center","textAlign":"left","paddingLeft":"2.5vw","fontSize":"${14*@viewportWidth}","color":"black"}},"onPress":[{"type":"SendEvent","arguments":["Voice"]}]}]},{"type":"Container","height":"100%","width":"45vw","spacing":"15vw","left":"${sayingsData.properties.squareRight3}","items":[{"type":"Image","position":"absolute","height":"100%","width":"100%","scale":"fill","source":"${sayingsData.properties.endSayingBackground}"},{"type":"TouchWrapper","id":"sayingButton","disabled":"${sayingsData.properties.disableButtons}","height":"100%","width":"100%","item":{"type":"Frame","width":"100%","height":"100%","items":{"type":"Text","text":"${sayingsData.properties.halfSaying8Text}","height":"100%","width":"100%","textAlignVertical":"center","textAlign":"left","paddingLeft":"5vw","fontSize":"${14*@viewportWidth}","color":"black"}},"onPress":[{"type":"SendEvent","arguments":["Voice"]}]}]}]},{"type":"Container","height":"9vh","width":"100%","direction":"row","spacing":"6vh","opacity":"${sayingsData.properties.endingOpacity}","items":[{"type":"Container","height":"9vh","width":"40vw","right":"${sayingsData.properties.squareLeft4}","items":[{"type":"Image","position":"absolute","height":"100%","width":"100%","scale":"fill","source":"${sayingsData.properties.startSayingBackground}"},{"type":"TouchWrapper","id":"sayingButton","disabled":"${sayingsData.properties.disableButtons}","height":"100%","width":"100%","item":{"type":"Frame","width":"100%","height":"100%","borderWidth":"0.5vh","borderColor":"${sayingsData.properties.squareBorderColor4}","item":{"type":"Text","text":"${sayingsData.properties.halfSaying4Text}","height":"100%","width":"100%","textAlignVertical":"center","textAlign":"left","paddingLeft":"2.5vw","fontSize":"${14*@viewportWidth}","color":"black"}},"onPress":[{"type":"SendEvent","arguments":["Voice"]}]}]},{"type":"Container","height":"100%","width":"45vw","spacing":"15vw","left":"${sayingsData.properties.squareRight4}","items":[{"type":"Image","position":"absolute","height":"100%","width":"100%","scale":"fill","source":"${sayingsData.properties.endSayingBackground}"},{"type":"TouchWrapper","id":"sayingButton","disabled":"${sayingsData.properties.disableButtons}","height":"100%","width":"100%","item":{"type":"Frame","width":"100%","height":"100%","items":{"type":"Text","text":"${sayingsData.properties.halfSaying9Text}","height":"100%","width":"100%","textAlignVertical":"center","textAlign":"left","paddingLeft":"5vw","fontSize":"${14*@viewportWidth}","color":"black"}},"onPress":[{"type":"SendEvent","arguments":["Voice"]}]}]}]},{"type":"Container","height":"9vh","width":"100%","direction":"row","spacing":"6vh","opacity":"${sayingsData.properties.endingOpacity}","items":[{"type":"Container","height":"9vh","width":"40vw","right":"${sayingsData.properties.squareLeft5}","items":[{"type":"Image","position":"absolute","height":"100%","width":"100%","scale":"fill","source":"${sayingsData.properties.startSayingBackground}"},{"type":"TouchWrapper","id":"sayingButton","disabled":"${sayingsData.properties.disableButtons}","height":"100%","width":"100%","item":{"type":"Frame","width":"100%","height":"100%","borderWidth":"0.5vh","borderColor":"${sayingsData.properties.squareBorderColor5}","items":{"type":"Text","text":"${sayingsData.properties.halfSaying5Text}","height":"100%","width":"100%","textAlignVertical":"center","textAlign":"left","paddingLeft":"2.5vw","fontSize":"${14*@viewportWidth}","color":"black"}},"onPress":[{"type":"SendEvent","arguments":["Voice"]}]}]},{"type":"Container","height":"100%","width":"45vw","spacing":"15vw","left":"${sayingsData.properties.squareRight5}","items":[{"type":"Image","position":"absolute","height":"100%","width":"100%","scale":"fill","source":"${sayingsData.properties.endSayingBackground}"},{"type":"TouchWrapper","id":"sayingButton","disabled":"${sayingsData.properties.disableButtons}","height":"100%","width":"100%","item":{"type":"Frame","width":"100%","height":"100%","items":{"type":"Text","text":"${sayingsData.properties.halfSaying10Text}","height":"100%","width":"100%","textAlignVertical":"center","textAlign":"left","paddingLeft":"5vw","fontSize":"${14*@viewportWidth}","color":"black"}},"onPress":[{"type":"SendEvent","arguments":["Voice"]}]}]}]},{"type":"Frame","position":"absolute","height":"10vh","width":"14vw","top":"5vh","left":"4vw","borderRadius":"5vw","borderColor":"#424242","borderWidth":"0.4vw","opacity":"${sayingsData.properties.buttonsOpacity}","items":[{"type":"TouchWrapper","id":"gameExitButton","height":"100%","width":"100%","disabled":"${sayingsData.properties.disableButtons}","item":{"type":"Text","text":"${sayingsData.properties.exitButtonText}","height":"100%","width":"100%","fontSize":"${15*@viewportWidth}","textAlign":"center","textAlignVertical":"center"},"onPress":[{"type":"SendEvent","arguments":["Voice"]}]}]},{"type":"Frame","position":"absolute","height":"10vh","width":"18vw","top":"5vh","right":"4vw","borderRadius":"5vw","borderColor":"#424242","borderWidth":"0.4vw","opacity":"${sayingsData.properties.buttonsOpacity}","items":[{"type":"TouchWrapper","id":"continueButton","height":"100%","width":"100%","disabled":"${sayingsData.properties.disableButtons}","item":{"type":"Text","text":"${sayingsData.properties.continueButtonText}","height":"100%","width":"100%","fontSize":"${15*@viewportWidth}","textAlign":"center","textAlignVertical":"center"},"onPress":[{"type":"SendEvent","arguments":["si"]}]}]},{"type":"Text","text":"${sayingsData.properties.turn}","position":"absolute","height":"10vh","width":"15vw","top":"43vh","left":"40vw","fontSize":"${14*@viewportWidth}","textAlign":"center","textAlignVertical":"center"},{"type":"TouchWrapper","id":"helpButton","position":"absolute","height":"14.5vh","width":"10vw","top":"80vh","left":"42.5vw","item":{"type":"Image","source":"${sayingsData.properties.helpIcon}","scale":"fill","height":"100%","width":"100%"},"onPress":[{"type":"SendEvent","arguments":["help"]}]},{"type":"Image","position":"absolute","height":"34vh","width":"16vw","source":"${sayingsData.properties.avatar}","scale":"fill","bottom":"0vh","left":"5vw","opacity":"${sayingsData.properties.avatarOpacity}"}]}]}}