{"type":"APL","version":"2024.2","license":"Copyright 2024 Amazon.com, Inc. or its affiliates. All Rights Reserved.\nSPDX-License-Identifier: LicenseRef-.amazon.com.-AmznSL-1.0\nLicensed under the Amazon Software License  http://aws.amazon.com/asl/","theme":"light","import":[{"name":"alexa-layouts","version":"1.7.0"}],"mainTemplate":{"parameters":["puzzleData"],"items":[{"type":"Container","height":"100%","width":"100%","direction":"column","paddingTop":"5vh","items":[{"type":"AlexaBackground","backgroundColor":"white"},{"type":"Text","text":"Montemos el mapa","height":"10vh","width":"100vw","fontSize":"${17*@viewportWidth}","textAlign":"center","textAlignVertical":"center"},{"type":"Container","spacing":"3vh","height":"45vh","width":"56vw","alignSelf":"center","direction":"column","items":[{"type":"Container","height":"50%","width":"100%","direction":"row","items":[{"type":"TouchWrapper","id":"puzzleMapButton","disabled":"${puzzleData.properties.disableButtons}","height":"100%","width":"25%","alignSelf":"center","item":{"type":"Frame","height":"100%","width":"100%","borderWidth":"${0.5*@viewportWidth}","borderColor":"black","items":[{"type":"Text","text":"1","fontSize":"${20*@viewportWidth}","height":"100%","width":"100%","textAlign":"center","textAlignVertical":"center"}]},"onPress":[{"type":"SendEvent","arguments":["9"]}]},{"type":"TouchWrapper","id":"puzzleMapButton","disabled":"${puzzleData.properties.disableButtons}","height":"100%","width":"25%","alignSelf":"center","item":{"type":"Frame","height":"100%","width":"100%","borderWidth":"${0.5*@viewportWidth}","borderColor":"black","items":[{"type":"Text","text":"2","fontSize":"${20*@viewportWidth}","height":"100%","width":"100%","textAlign":"center","textAlignVertical":"center"}]},"onPress":[{"type":"SendEvent","arguments":["10"]}]},{"type":"TouchWrapper","id":"puzzleMapButton","disabled":"${puzzleData.properties.disableButtons}","height":"100%","width":"25%","alignSelf":"center","item":{"type":"Frame","height":"100%","width":"100%","borderWidth":"${0.5*@viewportWidth}","borderColor":"black","items":[{"type":"Text","text":"3","fontSize":"${20*@viewportWidth}","height":"100%","width":"100%","textAlign":"center","textAlignVertical":"center"}]},"onPress":[{"type":"SendEvent","arguments":["11"]}]},{"type":"TouchWrapper","id":"puzzleMapButton","disabled":"${puzzleData.properties.disableButtons}","height":"100%","width":"25%","alignSelf":"center","item":{"type":"Frame","height":"100%","width":"100%","borderWidth":"${0.5*@viewportWidth}","borderColor":"black","items":[{"type":"Text","text":"4","fontSize":"${20*@viewportWidth}","height":"100%","width":"100%","textAlign":"center","textAlignVertical":"center"}]},"onPress":[{"type":"SendEvent","arguments":["12"]}]}]},{"type":"Container","height":"50%","width":"100%","direction":"row","items":[{"type":"TouchWrapper","id":"puzzleMapButton","disabled":"${puzzleData.properties.disableButtons}","height":"100%","width":"25%","alignSelf":"center","item":{"type":"Frame","height":"100%","width":"100%","borderWidth":"${0.5*@viewportWidth}","borderColor":"black","items":[{"type":"Text","text":"5","fontSize":"${20*@viewportWidth}","height":"100%","width":"100%","textAlign":"center","textAlignVertical":"center"}]},"onPress":[{"type":"SendEvent","arguments":["13"]}]},{"type":"TouchWrapper","id":"puzzleMapButton","disabled":"${puzzleData.properties.disableButtons}","height":"100%","width":"25%","alignSelf":"center","item":{"type":"Frame","height":"100%","width":"100%","borderWidth":"${0.5*@viewportWidth}","borderColor":"black","items":[{"type":"Text","text":"6","fontSize":"${20*@viewportWidth}","height":"100%","width":"100%","textAlign":"center","textAlignVertical":"center"}]},"onPress":[{"type":"SendEvent","arguments":["14"]}]},{"type":"TouchWrapper","id":"puzzleMapButton","disabled":"${puzzleData.properties.disableButtons}","height":"100%","width":"25%","alignSelf":"center","item":{"type":"Frame","height":"100%","width":"100%","borderWidth":"${0.5*@viewportWidth}","borderColor":"black","items":[{"type":"Text","text":"7","fontSize":"${20*@viewportWidth}","height":"100%","width":"100%","textAlign":"center","textAlignVertical":"center"}]},"onPress":[{"type":"SendEvent","arguments":["15"]}]},{"type":"TouchWrapper","id":"puzzleMapButton","disabled":"${puzzleData.properties.disableButtons}","height":"100%","width":"25%","alignSelf":"center","item":{"type":"Frame","height":"100%","width":"100%","borderWidth":"${0.5*@viewportWidth}","borderColor":"black","items":[{"type":"Text","text":"8","fontSize":"${20*@viewportWidth}","height":"100%","width":"100%","textAlign":"center","textAlignVertical":"center"}]},"onPress":[{"type":"SendEvent","arguments":["16"]}]}]}]},{"type":"Container","position":"absolute","height":"23vh","width":"19.5vw","top":"18vh","left":"1vw","direction":"row","opacity":"${puzzleData.properties.op1}","items":[{"type":"Text","text":"1","fontSize":"${20*@viewportWidth}","height":"100%","width":"5vw","textAlign":"center","textAlignVertical":"center"},{"type":"TouchWrapper","id":"puzzleMapButton","disabled":"${puzzleData.properties.disableButtons}","height":"100%","width":"14.5vw","item":{"type":"Frame","height":"100%","width":"100%","borderWidth":"${@viewportWidth * puzzleData.properties.border1}","borderColor":"black","item":{"type":"Image","height":"100%","width":"100%","source":"https://raw.githubusercontent.com/Berty980/TFG_resources/main/images/Esquina%20der%20abajo.png","scale":"fill"}},"onPress":[{"type":"SendEvent","arguments":["1"]}]}]},{"type":"Container","position":"absolute","height":"23vh","width":"19.5vw","top":"46vh","left":"1vw","direction":"row","opacity":"${puzzleData.properties.op2}","items":[{"type":"Text","text":"2","fontSize":"${20*@viewportWidth}","height":"100%","width":"5vw","textAlign":"center","textAlignVertical":"center"},{"type":"TouchWrapper","id":"puzzleMapButton","disabled":"${puzzleData.properties.disableButtons}","height":"100%","width":"14.5vw","items":{"type":"Frame","height":"100%","width":"100%","borderWidth":"${@viewportWidth * puzzleData.properties.border2}","borderColor":"black","item":{"type":"Image","height":"100%","width":"100%","source":"https://raw.githubusercontent.com/Berty980/TFG_resources/main/images/izq%20arriba.png","scale":"fill"}},"onPress":[{"type":"SendEvent","arguments":["2"]}]}]},{"type":"Container","position":"absolute","height":"23vh","width":"19.5vw","top":"72vh","left":"4vw","direction":"row","opacity":"${puzzleData.properties.op3}","items":[{"type":"Text","text":"3","fontSize":"${20*@viewportWidth}","height":"100%","width":"5vw","textAlign":"center","textAlignVertical":"center"},{"type":"TouchWrapper","id":"puzzleMapButton","disabled":"${puzzleData.properties.disableButtons}","height":"100%","width":"14.5vw","item":{"type":"Frame","height":"100%","width":"100%","borderWidth":"${@viewportWidth * puzzleData.properties.border3}","borderColor":"black","item":{"type":"Image","height":"100%","width":"100%","source":"https://raw.githubusercontent.com/Berty980/TFG_resources/main/images/der%20abajo.png","scale":"fill"}},"onPress":[{"type":"SendEvent","arguments":["3"]}]}]},{"type":"Container","position":"absolute","height":"23vh","width":"19.5vw","top":"72vh","left":"27.5vw","direction":"row","opacity":"${puzzleData.properties.op4}","items":[{"type":"Text","text":"4","fontSize":"${20*@viewportWidth}","height":"100%","width":"5vw","textAlign":"center","textAlignVertical":"center"},{"type":"TouchWrapper","id":"puzzleMapButton","disabled":"${puzzleData.properties.disableButtons}","height":"100%","width":"14.5vw","item":{"type":"Frame","height":"100%","width":"100%","borderWidth":"${@viewportWidth * puzzleData.properties.border4}","borderColor":"black","item":{"type":"Image","height":"100%","width":"100%","source":"https://raw.githubusercontent.com/Berty980/TFG_resources/main/images/Esquina%20izq%20arriba.png","scale":"fill"}},"onPress":[{"type":"SendEvent","arguments":["4"]}]}]},{"type":"Container","position":"absolute","height":"23vh","width":"19.5vw","top":"72vh","right":"27.5vw","direction":"row","opacity":"${puzzleData.properties.op5}","items":[{"type":"TouchWrapper","id":"puzzleMapButton","disabled":"${puzzleData.properties.disableButtons}","height":"100%","width":"14.5vw","item":{"type":"Frame","height":"100%","width":"100%","borderWidth":"${@viewportWidth * puzzleData.properties.border5}","borderColor":"black","item":{"type":"Image","height":"100%","width":"100%","source":"https://raw.githubusercontent.com/Berty980/TFG_resources/main/images/Esquina%20der%20arriba.png","scale":"fill"}},"onPress":[{"type":"SendEvent","arguments":["5"]}]},{"type":"Text","text":"5","fontSize":"${20*@viewportWidth}","height":"100%","width":"5vw","textAlign":"center","textAlignVertical":"center"}]},{"type":"Container","position":"absolute","height":"23vh","width":"19.5vw","top":"72vh","right":"4vw","direction":"row","opacity":"${puzzleData.properties.op6}","items":[{"type":"TouchWrapper","id":"puzzleMapButton","disabled":"${puzzleData.properties.disableButtons}","height":"100%","width":"14.5vw","items":{"type":"Frame","height":"100%","width":"100%","borderWidth":"${@viewportWidth * puzzleData.properties.border6}","borderColor":"black","item":{"type":"Image","height":"100%","width":"100%","source":"https://raw.githubusercontent.com/Berty980/TFG_resources/main/images/Esquina%20izq%20abajo.png","scale":"fill"}},"onPress":[{"type":"SendEvent","arguments":["6"]}]},{"type":"Text","text":"6","fontSize":"${20*@viewportWidth}","height":"100%","width":"5vw","textAlign":"center","textAlignVertical":"center"}]},{"type":"Container","position":"absolute","height":"23vh","width":"19.5vw","top":"46vh","right":"1vw","direction":"row","opacity":"${puzzleData.properties.op7}","items":[{"type":"TouchWrapper","id":"puzzleMapButton","disabled":"${puzzleData.properties.disableButtons}","height":"100%","width":"14.5vw","items":{"type":"Frame","height":"100%","width":"100%","borderWidth":"${@viewportWidth * puzzleData.properties.border7}","borderColor":"black","item":{"type":"Image","height":"100%","width":"100%","source":"https://raw.githubusercontent.com/Berty980/TFG_resources/main/images/der%20arriba.png","scale":"fill"}},"onPress":[{"type":"SendEvent","arguments":["7"]}]},{"type":"Text","text":"7","fontSize":"${20*@viewportWidth}","height":"100%","width":"5vw","textAlign":"center","textAlignVertical":"center"}]},{"type":"Container","position":"absolute","height":"23vh","width":"19.5vw","top":"18vh","right":"1vw","direction":"row","opacity":"${puzzleData.properties.op8}","items":[{"type":"TouchWrapper","id":"puzzleMapButton","disabled":"${puzzleData.properties.disableButtons}","height":"100%","width":"14.5vw","items":{"type":"Frame","height":"100%","width":"100%","borderWidth":"${@viewportWidth * puzzleData.properties.border8}","borderColor":"black","item":{"type":"Image","height":"100%","width":"100%","source":"https://raw.githubusercontent.com/Berty980/TFG_resources/main/images/izq%20abajo.png","scale":"fill"}},"onPress":[{"type":"SendEvent","arguments":["8"]}]},{"type":"Text","text":"8","fontSize":"${20*@viewportWidth}","height":"100%","width":"5vw","textAlign":"center","textAlignVertical":"center"}]},{"type":"Frame","position":"absolute","height":"24.2vh","width":"14.9vw","top":"18vh","left":"22vw","items":[{"type":"Image","height":"100%","width":"100%","source":"https://raw.githubusercontent.com/Berty980/TFG_resources/main/images/Esquina%20izq%20arriba.png","scale":"fill","opacity":"${puzzleData.properties.op9}"}]},{"type":"Frame","position":"absolute","height":"24.8vh","width":"15.5vw","top":"18vh","left":"35.4vw","items":[{"type":"Image","height":"100%","width":"100%","source":"https://raw.githubusercontent.com/Berty980/TFG_resources/main/images/izq%20arriba.png","scale":"fill","opacity":"${puzzleData.properties.op10}"}]},{"type":"Frame","position":"absolute","height":"24.2vh","width":"15.5vw","top":"18vh","left":"49.15vw","items":[{"type":"Image","height":"100%","width":"100%","source":"https://raw.githubusercontent.com/Berty980/TFG_resources/main/images/der%20arriba.png","scale":"fill","opacity":"${puzzleData.properties.op11}"}]},{"type":"Frame","position":"absolute","height":"23.8vh","width":"14.85vw","top":"18vh","right":"22vw","items":[{"type":"Image","height":"100%","width":"100%","source":"https://raw.githubusercontent.com/Berty980/TFG_resources/main/images/Esquina%20der%20arriba.png","scale":"fill","opacity":"${puzzleData.properties.op12}"}]},{"type":"Frame","position":"absolute","height":"24vh","width":"15.29vw","bottom":"37vh","left":"22vw","items":[{"type":"Image","height":"100%","width":"100%","source":"https://raw.githubusercontent.com/Berty980/TFG_resources/main/images/Esquina%20izq%20abajo.png","scale":"fill","opacity":"${puzzleData.properties.op13}"}]},{"type":"Frame","position":"absolute","height":"22.8vh","width":"15.4vw","bottom":"37vh","left":"35.05vw","items":[{"type":"Image","height":"100%","width":"100%","source":"https://raw.githubusercontent.com/Berty980/TFG_resources/main/images/izq%20abajo.png","scale":"fill","opacity":"${puzzleData.properties.op14}"}]},{"type":"Frame","position":"absolute","height":"25.5vh","width":"15.95vw","bottom":"37vh","left":"49vw","items":[{"type":"Image","height":"100%","width":"100%","source":"https://raw.githubusercontent.com/Berty980/TFG_resources/main/images/der%20abajo.png","scale":"fill","opacity":"${puzzleData.properties.op15}"}]},{"type":"Frame","position":"absolute","height":"25.1vh","width":"14.05vw","bottom":"37vh","right":"22vw","items":[{"type":"Image","height":"100%","width":"100%","source":"https://raw.githubusercontent.com/Berty980/TFG_resources/main/images/Esquina%20der%20abajo.png","scale":"fill","opacity":"${puzzleData.properties.op16}"}]},{"type":"Frame","position":"absolute","height":"10vh","width":"14vw","top":"5vh","left":"4vw","borderRadius":"5vw","borderColor":"#424242","borderWidth":"0.4vw","opacity":"${puzzleData.properties.buttonsOpacity}","items":[{"type":"TouchWrapper","id":"gameExitButton","height":"100%","width":"100%","disabled":"${puzzleData.properties.disableButtons}","item":{"type":"Text","text":"${puzzleData.properties.exitButtonText}","height":"100%","width":"100%","fontSize":"${15*@viewportWidth}","textAlign":"center","textAlignVertical":"center"},"onPress":[{"type":"SendEvent","arguments":["Voice"]}]}]},{"type":"Frame","position":"absolute","height":"10vh","width":"18vw","top":"5vh","right":"4vw","borderRadius":"5vw","borderColor":"#424242","borderWidth":"0.4vw","opacity":"${puzzleData.properties.buttonsOpacity}","items":[{"type":"TouchWrapper","id":"continueButton","height":"100%","width":"100%","disabled":"${puzzleData.properties.disableButtons}","item":{"type":"Text","text":"${puzzleData.properties.continueButtonText}","height":"100%","width":"100%","fontSize":"${15*@viewportWidth}","textAlign":"center","textAlignVertical":"center"},"onPress":[{"type":"SendEvent","arguments":["si"]}]}]},{"type":"TouchWrapper","id":"helpButton","position":"absolute","height":"14.5vh","width":"17vh","top":"2vh","left":"21%","item":{"type":"Image","source":"${puzzleData.properties.helpIcon}","scale":"fill","height":"100%","width":"100%"},"onPress":[{"type":"SendEvent","arguments":["help"]}]}]}]}}