{
  "manifest": {
    "publishingInformation": {
      "locales": {
        "es-ES": {
          "summary": "Esta skill ofrece un catálogo que cuenta actualmente con 3 juegos sencillos, ideal para personas mayores y niños. Incluye un juego para jugar en grupos.",
          "examplePhrases": [
            "Alexa, abre catálogo de juegos"
          ],
          "keywords": [
            "juego",
            "juegos",
            "puzzle",
            "memoria",
            "niño",
            "niña",
            "niños",
            "mayores",
            "abuelos",
            "abuelo",
            "abuela",
            "familia",
            "familiar",
            "historia",
            "deportes"
          ],
          "name": "Catálogo de juegos",
          "description": "Esta skill está diseñada para que jueguen principalmente personas mayores y niños, por separado o juntos, pues uno de los juegos que ofrece, \"Encontremos el, mapa\", está pensado para jugar en 1, 2 o 4 equipos/grupos. También incluye el típico juego de encontrar las parejas, con 3 niveles de dificultad, y un juego de relacionar imágenes con el deporte al que hacen referencia, ofreciendo 3 posibles soluciones.",
          "smallIconUri": "file://assets/images/es-ES_smallIconUri.png",
          "largeIconUri": "file://assets/images/es-ES_largeIconUri.png"
        }
      },
      "automaticDistribution": {
        "isActive": false
      },
      "isAvailableWorldwide": true,
      "testingInstructions": "{\"ask_dist_username\":\"\",\"ask_dist_password\":\"\",\"ask_dist_testing_instructions\":\"Sample Testing Instructions.\"}",
      "category": "PUZZLES",
      "distributionMode": "PUBLIC",
      "distributionCountries": []
    },
    "apis": {
      "custom": {
        "endpoint": {
          "uri": "arn:aws:lambda:eu-west-1:488461871454:function:a5f3f764-3796-4937-8357-41000e5625ef:Release_0"
        },
        "interfaces": [
          {
            "type": "AUDIO_PLAYER"
          },
          {
            "supportedViewports": [
              {
                "minHeight": 540,
                "mode": "TV",
                "shape": "RECTANGLE",
                "maxHeight": 540,
                "minWidth": 960,
                "maxWidth": 960
              },
              {
                "minHeight": 100,
                "mode": "HUB",
                "shape": "ROUND",
                "maxHeight": 599,
                "minWidth": 100,
                "maxWidth": 599
              },
              {
                "minHeight": 600,
                "mode": "HUB",
                "shape": "RECTANGLE",
                "maxHeight": 959,
                "minWidth": 960,
                "maxWidth": 1279
              },
              {
                "minHeight": 600,
                "mode": "HUB",
                "shape": "RECTANGLE",
                "maxHeight": 1279,
                "minWidth": 1280,
                "maxWidth": 1920
              },
              {
                "minHeight": 100,
                "mode": "HUB",
                "shape": "RECTANGLE",
                "maxHeight": 599,
                "minWidth": 960,
                "maxWidth": 1279
              },
              {
                "minHeight": 960,
                "mode": "HUB",
                "shape": "RECTANGLE",
                "maxHeight": 1279,
                "minWidth": 1920,
                "maxWidth": 2560
              },
              {
                "minHeight": 1920,
                "mode": "HUB",
                "shape": "RECTANGLE",
                "maxHeight": 2560,
                "minWidth": 960,
                "maxWidth": 1279
              },
              {
                "minHeight": 320,
                "mode": "MOBILE",
                "shape": "RECTANGLE",
                "maxHeight": 1920,
                "minWidth": 600,
                "maxWidth": 959
              },
              {
                "minHeight": 320,
                "mode": "MOBILE",
                "shape": "RECTANGLE",
                "maxHeight": 1920,
                "minWidth": 960,
                "maxWidth": 1279
              },
              {
                "minHeight": 320,
                "mode": "MOBILE",
                "shape": "RECTANGLE",
                "maxHeight": 1920,
                "minWidth": 1280,
                "maxWidth": 1920
              }
            ],
            "type": "ALEXA_PRESENTATION_APL"
          },
          {
            "packages": [],
            "type": "ALEXA_DATASTORE_PACKAGEMANAGER"
          },
          {
            "type": "ALEXA_DATA_STORE"
          },
          {
            "autoInitializedExtensions": [],
            "requestedExtensions": [
              {
                "uri": "alexaext:datastore:10"
              }
            ],
            "type": "ALEXA_EXTENSION"
          }
        ],
        "locales": {},
        "regions": {
          "EU": {
            "endpoint": {
              "uri": "arn:aws:lambda:eu-west-1:488461871454:function:a5f3f764-3796-4937-8357-41000e5625ef:Release_0"
            }
          },
          "NA": {
            "endpoint": {
              "uri": "arn:aws:lambda:us-east-1:488461871454:function:a5f3f764-3796-4937-8357-41000e5625ef:Release_0"
            }
          },
          "FE": {
            "endpoint": {
              "uri": "arn:aws:lambda:us-west-2:488461871454:function:a5f3f764-3796-4937-8357-41000e5625ef:Release_0"
            }
          }
        }
      }
    },
    "manifestVersion": "1.0",
    "privacyAndCompliance": {
      "allowsPurchases": false,
      "locales": {
        "es-ES": {}
      },
      "containsAds": false,
      "isExportCompliant": true,
      "isChildDirected": false,
      "shoppingKit": {
        "isShoppingActionsEnabled": false,
        "isAmazonAssociatesOnAlexaEnabled": false
      },
      "usesPersonalInfo": false
    }
  }
}