{"type":"APL","version":"2024.2","license":"Copyright 2024 Amazon.com, Inc. or its affiliates. All Rights Reserved.\nSPDX-License-Identifier: LicenseRef-.amazon.com.-AmznSL-1.0\nLicensed under the Amazon Software License  http://aws.amazon.com/asl/","theme":"light","import":[{"name":"alexa-layouts","version":"1.7.0"},{"name":"alexa-viewport-profiles","version":"1.6.0"}],"mainTemplate":{"parameters":["sportsData"],"bind":[],"items":[{"type":"Container","height":"100%","width":"100%","direction":"column","paddingTop":"5vh","items":[{"type":"AlexaBackground","backgroundColor":"white"},{"type":"Text","text":"Elige el deporte correcto","fontSize":"${17*@viewportWidth}","height":"10vh","width":"100vw","textAlign":"center","textAlignVertical":"center"},{"type":"Container","height":"60vh","width":"56vw","direction":"row","spacing":"5vh","alignSelf":"center","items":[{"type":"Frame","height":"100%","width":"100%","item":{"type":"Image","source":"${sportsData.properties.image}","height":"100%","width":"100%","scale":"best-fit"}}]},{"type":"Container","height":"10vh","width":"100vw","direction":"row","justifyContent":"center","spacing":"3vh","items":[{"type":"TouchWrapper","id":"sportButton","height":"100%","width":"28vw","alignSelf":"center","spacing":"3vw","disabled":"${sportsData.properties.disableButtons}","item":{"type":"Frame","height":"100%","width":"100%","borderRadius":"1vw","borderColor":"#424242","borderWidth":"0.3vw","item":{"type":"Text","text":"${sportsData.properties.sport1}","fontSize":"${15*@viewportWidth}","height":"100%","width":"100%","textAlign":"center","textAlignVertical":"center"}},"onPress":[{"type":"SendEvent","arguments":["1"]}]},{"type":"TouchWrapper","id":"sportButton","height":"100%","width":"28vw","alignSelf":"center","spacing":"3vw","disabled":"${sportsData.properties.disableButtons}","item":{"type":"Frame","height":"100%","width":"100%","borderRadius":"1vw","borderColor":"#424242","borderWidth":"0.3vw","item":{"type":"Text","text":"${sportsData.properties.sport2}","fontSize":"${15*@viewportWidth}","height":"100%","width":"100%","textAlign":"center","textAlignVertical":"center"}},"onPress":[{"type":"SendEvent","arguments":["2"]}]},{"type":"TouchWrapper","id":"sportButton","height":"100%","width":"28vw","alignSelf":"center","spacing":"3vw","disabled":"${sportsData.properties.disableButtons}","item":{"type":"Frame","height":"100%","width":"100%","borderRadius":"1vw","borderColor":"#424242","borderWidth":"0.3vw","item":{"type":"Text","text":"${sportsData.properties.sport3}","fontSize":"${15*@viewportWidth}","height":"100%","width":"100%","textAlign":"center","textAlignVertical":"center"}},"onPress":[{"type":"SendEvent","arguments":["3"]}]}]},{"type":"Container","position":"absolute","height":"25vh","width":"20vw","top":"38vh","right":"1vw","direction":"column","items":[{"type":"Text","text":"Racha","height":"6vh","width":"100%","fontSize":"${13*@viewportWidth}","textAlign":"center","textAlignVertical":"center"},{"type":"Text","text":"${sportsData.properties.guessed}","height":"5vh","width":"100%","fontSize":"${13*@viewportWidth}","textAlign":"center","textAlignVertical":"center"},{"type":"Text","text":"Mejor racha","spacing":"3vh","height":"6vh","width":"100%","fontSize":"${13*@viewportWidth}","textAlign":"center","textAlignVertical":"center"},{"type":"Text","text":"${sportsData.properties.bestStreak}","height":"5vh","width":"100%","fontSize":"${13*@viewportWidth}","textAlign":"center","textAlignVertical":"center"}]},{"type":"Frame","position":"absolute","height":"10vh","width":"14vw","top":"5vh","left":"4vw","borderRadius":"5vw","borderColor":"#424242","borderWidth":"0.4vw","opacity":"${sportsData.properties.buttonsOpacity}","items":[{"type":"TouchWrapper","id":"gameExitButton","height":"100%","width":"100%","disabled":"${sportsData.properties.disableButtons}","item":{"type":"Text","text":"${sportsData.properties.exitButtonText}","height":"100%","width":"100%","fontSize":"${15*@viewportWidth}","textAlign":"center","textAlignVertical":"center"},"onPress":[{"type":"SendEvent","arguments":["exit"]}]}]},{"type":"TouchWrapper","id":"helpButton","position":"absolute","height":"16.5vh","width":"18vh","top":"5vh","right":"4vw","item":{"type":"Image","source":"${sportsData.properties.helpIcon}","scale":"fill","height":"100%","width":"100%"},"onPress":[{"type":"SendEvent","arguments":["help"]}]}]}]}}