{
    "imagesData": {
        "properties": {
            "title": "",
            "turn": "",
            "image1": "",
            "image2": "",
            "image3": "",
            "image4": "",
            "frameColor1": "",
            "frameColor2": "",
            "frameColor3": "",
            "frameColor4": "",
            "repeat_image": "",
            "avatar": "",
            "exitButtonText": "",
            "continueButtonText": "",
            "helpIcon": "",
            "disableButtons": false,
            "buttonsOpacity": 1,
            "endingOpacity": 1
        }
    }
}