{
    "labData": {
        "properties": {
            "p1": "",
            "p2": "",
            "p3": "",
            "p4": "",
            "p1Left": "",
            "p2Left": "",
            "p3Left": "",
            "p4Left": "",
            "p1Top": "",
            "p2Top": "",
            "p3Top": "",
            "p4Top": "",
            "question": "",
            "qOption1": "",
            "qOption2": "",
            "qOption3": "",
            "qOption4": "",
            "aBorder1": "",
            "aBorder2": "",
            "aBorder3": "",
            "aBorder4": "",
            "moves": "",
            "questionOpacity": 1,
            "mapOpacity": 1,
            "monument1Opacity": 0,
            "monument2Opacity": 0,
            "monument3Opacity": 0,
            "monument4Opacity": 0,
            "p1BorderColor": "",
            "p2BorderColor": "",
            "p3BorderColor": "",
            "p4BorderColor": "",
            "title": "",
            "groupTurnText": "",
            "movesText": "",
            "helpIcon": "",
            "monument1": "",
            "monument2": "",
            "monument3": "",
            "monument4": "",
            "arrowUp": "",
            "arrowDown": "",
            "arrowLeft": "",
            "arrowRight": "",
            "labyrinth": "",
            "labQuestionBackground": "",
            "labOptionBackground": "",
            "avatar": "",
            "exitButtonText": "",
            "continueButtonText": "",
            "disableButtons": false,
            "buttonsOpacity": 1,
            "endOpacity": 1
        }
    }
}