{
    "puzzleData": {
        "properties": {
            "op1": 1,
            "op2": 1,
            "op3": 1,
            "op4": 1,
            "op5": 1,
            "op6": 1,
            "op7": 1,
            "op8": 1,
            "op9": 0,
            "op10": 0,
            "op11": 0,
            "op12": 0,
            "op13": 0,
            "op14": 0,
            "op15": 0,
            "op16": 0,
            "border1": 0,
            "border2": 0,
            "border3": 0,
            "border4": 0,
            "border5": 0,
            "border6": 0,
            "border7": 0,
            "border8": 0,
            "exitButtonText": "Volver",
            "continueButtonText": "Continuar",
            "helpIcon": "",
            "disableButtons": false,
            "buttonsOpacity": 1
        }
    }
}