{
    "sayingsData": {
        "properties": {
            "title": "",
            "turn": "",
            "squareLeft1": "",
            "squareLeft2": "",
            "squareLeft3": "",
            "squareLeft4": "",
            "squareLeft5": "",
            "squareRight1": "",
            "squareRight2": "",
            "squareRight3": "",
            "squareRight4": "",
            "squareRight5": "",
            "squareBorderColor1": "",
            "squareBorderColor2": "",
            "squareBorderColor3": "",
            "squareBorderColor4": "",
            "squareBorderColor5": "",
            "halfSaying1Text": "",
            "halfSaying2Text": "",
            "halfSaying3Text": "",
            "halfSaying4Text": "",
            "halfSaying5Text": "",
            "halfSaying6Text": "",
            "halfSaying7Text": "",
            "halfSaying8Text": "",
            "halfSaying9Text": "",
            "halfSaying10Text": "",
            "startSayingBackground": "",
            "endSayingBackground": "",
            "exitButtonText": "",
            "continueButtonText": "",
            "helpIcon": "",
            "disableButtons": false,
            "buttonsOpacity": 1,
            "sayingsOpacity": 1,
            "endingOpacity": 1,
            "avatarOpacity": 0,
            "avatar": ""
        }
    }
}