{
    "type": "APL",
    "version": "2024.2",
    "license": "Copyright 2024 Amazon.com, Inc. or its affiliates. All Rights Reserved.\nSPDX-License-Identifier: LicenseRef-.amazon.com.-AmznSL-1.0\nLicensed under the Amazon Software License  http://aws.amazon.com/asl/",
    "theme": "light",
    "import": [
        {
            "name": "alexa-layouts",
            "version": "1.7.0"
        }
    ],
    "mainTemplate": {
        "parameters": [
            "sightseeingData"
        ],
        "items": [
            {
                "type": "Container",
                "width": "100%",
                "height": "100%",
                "justifyContent": "center",
                "alignItems": "center",
                "items": [
                    {
                        "type": "Image",
                        "position": "absolute",
                        "source": "${sightseeingData.properties.parkImage}",
                        "scale": "best-fill",
                        "width": "100%",
                        "height": "100%"
                    },
                    {
                        "type": "Text",
                        "position": "absolute",
                        "top": "25vh",
                        "text": "${sightseeingData.properties.welcomeText}",
                        "textAlign": "center",
                        "fontSize": "${27*@viewportWidth}",
                        "color": "white"
                    },
                    {
                        "type": "Frame",
                        "position": "absolute",
                        "height": "10vh",
                        "width": "14vw",
                        "top": "5vh",
                        "left": "4vw",
                        "borderRadius": "5vw",
                        "borderColor": "#424242",
                        "borderWidth": "0.4vw",
                        "background": "white",
                        "opacity": "${sightseeingData.properties.buttonsOpacity}",
                        "items": [
                            {
                                "type": "TouchWrapper",
                                "id": "gameExitButton",
                                "height": "100%",
                                "width": "100%",
                                "disabled": "${sightseeingData.properties.disableButtons}",
                                "item": {
                                    "type": "Text",
                                    "text": "${sightseeingData.properties.exitButtonText}",
                                    "height": "100%",
                                    "width": "100%",
                                    "fontSize": "${15*@viewportWidth}",
                                    "textAlign": "center",
                                    "textAlignVertical": "center"
                                },
                                "onPress": [
                                    {
                                        "type": "SendEvent",
                                        "arguments": [
                                            "exit"
                                        ]
                                    }
                                ]
                            }
                        ]
                    },
                    {
                        "type": "Frame",
                        "position": "absolute",
                        "height": "10vh",
                        "width": "18vw",
                        "top": "5vh",
                        "right": "4vw",
                        "borderRadius": "5vw",
                        "borderColor": "#424242",
                        "borderWidth": "0.4vw",
                        "background": "white",
                        "opacity": "${sightseeingData.properties.buttonsOpacity * parkData.properties.continueButtonOpacity}",
                        "items": [
                            {
                                "type": "TouchWrapper",
                                "id": "continueButton",
                                "height": "100%",
                                "width": "100%",
                                "disabled": "${sightseeingData.properties.disableButtons}",
                                "item": {
                                    "type": "Text",
                                    "text": "${sightseeingData.properties.continueButtonText}",
                                    "height": "100%",
                                    "width": "100%",
                                    "fontSize": "${15*@viewportWidth}",
                                    "textAlign": "center",
                                    "textAlignVertical": "center"
                                },
                                "onPress": [
                                    {
                                        "type": "SendEvent",
                                        "arguments": [
                                            "yes"
                                        ]
                                    }
                                ]
                            }
                        ]
                    },
                    {
                        "type": "TouchWrapper",
                        "id": "helpButton",
                        "position": "absolute",
                        "height": "16.5vh",
                        "width": "18vh",
                        "bottom": "8vh",
                        "left": "6vw",
                        "item": {
                            "type": "Image",
                            "source": "${sightseeingData.properties.helpIcon}",
                            "scale": "fill",
                            "height": "100%",
                            "width": "100%"
                        },
                        "onPress": [
                            {
                                "type": "SendEvent",
                                "arguments": [
                                    "help"
                                ]
                            }
                        ]
                    }
                ]
            }
        ]
    }
}