{"type":"APL","version":"2024.2","license":"Copyright 2024 Amazon.com, Inc. or its affiliates. All Rights Reserved.\nSPDX-License-Identifier: LicenseRef-.amazon.com.-AmznSL-1.0\nLicensed under the Amazon Software License  http://aws.amazon.com/asl/","theme":"light","import":[{"name":"alexa-layouts","version":"1.7.0"}],"mainTemplate":{"parameters":["parkData"],"items":[{"type":"Container","width":"100%","height":"100%","items":[{"type":"Image","position":"absolute","source":"${parkData.properties.parkImage}","scale":"best-fill","width":"100%","height":"100%"},{"type":"Image","position":"absolute","height":"50vh","width":"25vw","source":"${parkData.properties.avatar1}","scale":"fill","top":"50vh","left":"10vw"},{"type":"Image","position":"absolute","height":"50vh","width":"25vw","source":"${parkData.properties.avatar2}","scale":"fill","top":"50vh","left":"65vw"},{"type":"Frame","position":"absolute","height":"10vh","width":"14vw","top":"5vh","left":"4vw","borderRadius":"5vw","borderColor":"#424242","borderWidth":"0.4vw","background":"white","opacity":"${parkData.properties.buttonsOpacity}","items":[{"type":"TouchWrapper","id":"pairsExitButton","height":"100%","width":"100%","disabled":"${parkData.properties.disableButtons}","item":{"type":"Text","text":"${parkData.properties.exitButtonText}","height":"100%","width":"100%","fontSize":"${15*@viewportWidth}","textAlign":"center","textAlignVertical":"center"},"onPress":[{"type":"SendEvent","arguments":["exit"]}]}]},{"type":"Frame","position":"absolute","height":"10vh","width":"18vw","top":"5vh","right":"4vw","borderRadius":"5vw","borderColor":"#424242","borderWidth":"0.4vw","background":"white","opacity":"${parkData.properties.buttonsOpacity}","items":[{"type":"TouchWrapper","id":"continueButton","height":"100%","width":"100%","disabled":"${parkData.properties.disableButtons}","item":{"type":"Text","text":"${parkData.properties.continueButtonText}","height":"100%","width":"100%","fontSize":"${15*@viewportWidth}","textAlign":"center","textAlignVertical":"center"},"onPress":[{"type":"SendEvent","arguments":["yes"]}]}]},{"type":"TouchWrapper","id":"helpButton","position":"absolute","height":"16.5vh","width":"10vw","top":"23vh","right":"4vw","item":{"type":"Image","source":"${parkData.properties.helpIcon}","scale":"fill","height":"100%","width":"100%"},"onPress":[{"type":"SendEvent","arguments":["help"]}]}]}]}}