{"type":"APL","version":"2024.2","license":"Copyright 2024 Amazon.com, Inc. or its affiliates. All Rights Reserved.\nSPDX-License-Identifier: LicenseRef-.amazon.com.-AmznSL-1.0\nLicensed under the Amazon Software License  http://aws.amazon.com/asl/","theme":"light","import":[{"name":"alexa-layouts","version":"1.7.0"},{"name":"alexa-viewport-profiles","version":"1.6.0"}],"mainTemplate":{"parameters":["askNameData"],"items":[{"type":"Container","height":"100%","width":"100%","direction":"column","paddingTop":"25vh","alignItems":"center","items":[{"type":"AlexaBackground","backgroundColor":"white"},{"type":"Text","text":"${askNameData.properties.questionText}","fontSize":"${25*@viewportWidth}","height":"20vh","width":"100vw","textAlign":"center","textAlignVertical":"center"},{"type":"TouchWrapper","id":"helpButton","height":"16.5vh","width":"18vh","spacing":"8vh","item":{"type":"Image","source":"${askNameData.properties.helpIcon}","scale":"fill","height":"100%","width":"100%"},"onPress":[{"type":"SendEvent","arguments":["help"]}]}]}]}}