{"parkData":{"properties":{"parkImage":"https://raw.githubusercontent.com/Berty980/TFG_resources/main/images/park.png","avatar1":"https://raw.githubusercontent.com/Berty980/TFG_resources/main/images/kid.png","avatar2":"https://raw.githubusercontent.com/Berty980/TFG_resources/main/images/avatar_happy.png","exitButtonText":"Volver","continueButtonText":"Continuar","helpIcon":"https://raw.githubusercontent.com/Berty980/TFG_resources/refs/heads/main/images/help_icon.png","disableButtons":false,"buttonsOpacity":1}}}