{"type":"APL","version":"2024.2","license":"Copyright 2024 Amazon.com, Inc. or its affiliates. All Rights Reserved.\nSPDX-License-Identifier: LicenseRef-.amazon.com.-AmznSL-1.0\nLicensed under the Amazon Software License  http://aws.amazon.com/asl/","theme":"light","import":[{"name":"alexa-layouts","version":"1.7.0"},{"name":"alexa-viewport-profiles","version":"1.6.0"}],"mainTemplate":{"parameters":["imagesData"],"items":[{"type":"Container","height":"100%","width":"100%","direction":"column","paddingTop":"5vh","paddingLeft":"5vw","items":[{"type":"AlexaBackground","backgroundColor":"white"},{"type":"Text","text":"${imagesData.properties.title}","fontSize":"${17*@viewportWidth}","height":"10vh","width":"90vw","textAlign":"center","textAlignVertical":"center"},{"type":"Container","height":"34vh","width":"90vw","direction":"row","spacing":"5vh","items":[{"type":"Container","height":"100%","width":"22vw","direction":"column","alignItems":"center","items":[{"type":"TouchWrapper","id":"helpButton","position":"absolute","height":"70%","width":"75%","top":"7vh","disabled":true,"item":{"type":"Image","source":"${imagesData.properties.helpIcon}","scale":"fill","height":"100%","width":"100%"},"onPress":[{"type":"SendEvent","arguments":["help"]}]}]},{"type":"Container","height":"100%","width":"26vw","spacing":"6vw","direction":"row","alignItems":"center","items":[{"type":"Text","text":"1","textAlign":"center","textAlignVertical":"center","fontSize":"${30*@viewportWidth}","height":"100%","width":"4vw","color":"black","opacity":"${imagesData.properties.endingOpacity}"},{"type":"TouchWrapper","id":"imageButton","height":"100%","width":"22vw","disabled":"${imagesData.properties.disableButtons}","item":{"type":"Frame","height":"100%","width":"100%","borderColor":"${imagesData.properties.frameColor1}","borderWidth":"${2*@viewportWidth}","items":[{"type":"Image","height":"100%","width":"100%","source":"${imagesData.properties.image1}","scale":"best-fit"}]},"onPress":[{"type":"SendEvent","arguments":["1"]}]}]},{"type":"Container","height":"100%","width":"26vw","spacing":"4vw","direction":"row","items":[{"type":"Text","text":"2","textAlign":"center","textAlignVertical":"center","fontSize":"${30*@viewportWidth}","height":"100%","width":"4vw","color":"black","opacity":"${imagesData.properties.endingOpacity}"},{"type":"TouchWrapper","id":"imageButton","height":"100%","width":"22vw","disabled":"${imagesData.properties.disableButtons}","item":{"type":"Frame","height":"100%","width":"100%","borderColor":"${imagesData.properties.frameColor2}","borderWidth":"${2*@viewportWidth}","items":[{"type":"Image","height":"100%","width":"100%","source":"${imagesData.properties.image2}","scale":"best-fit"}]},"onPress":[{"type":"SendEvent","arguments":["2"]}]}]}]},{"type":"Container","height":"34vh","width":"90vw","direction":"row","spacing":"6vh","paddingLeft":"28vw","items":[{"type":"Container","height":"100%","width":"26vw","spacing":"6vw","direction":"row","alignItems":"center","items":[{"type":"Text","text":"3","textAlign":"center","textAlignVertical":"center","fontSize":"${30*@viewportWidth}","height":"100%","width":"4vw","color":"black","opacity":"${imagesData.properties.endingOpacity}"},{"type":"TouchWrapper","id":"imageButton","height":"100%","width":"22vw","disabled":"${imagesData.properties.disableButtons}","item":{"type":"Frame","height":"100%","width":"100%","borderColor":"${imagesData.properties.frameColor3}","borderWidth":"${2*@viewportWidth}","items":[{"type":"Image","height":"100%","width":"100%","source":"${imagesData.properties.image3}","scale":"best-fit"}]},"onPress":[{"type":"SendEvent","arguments":["3"]}]}]},{"type":"Container","height":"100%","width":"26vw","spacing":"4vw","direction":"row","items":[{"type":"Text","text":"4","textAlign":"center","textAlignVertical":"center","fontSize":"${30*@viewportWidth}","height":"100%","width":"4vw","color":"black","opacity":"${imagesData.properties.endingOpacity}"},{"type":"TouchWrapper","id":"imageButton","height":"100%","width":"22vw","disabled":"${imagesData.properties.disableButtons}","item":{"type":"Frame","height":"100%","width":"100%","borderColor":"${imagesData.properties.frameColor4}","borderWidth":"${2*@viewportWidth}","items":[{"type":"Image","height":"100%","width":"100%","source":"${imagesData.properties.image4}","scale":"best-fit"}]},"onPress":[{"type":"SendEvent","arguments":["4"]}]}]}]},{"type":"Image","position":"absolute","height":"34vh","width":"16vw","source":"${imagesData.properties.avatar}","scale":"fill","bottom":"0vh","left":"5vw"},{"type":"Text","text":"${imagesData.properties.turn}","position":"absolute","height":"10vh","width":"16vw","top":"53vh","left":"8vw","textAlign":"center","textAlignVertical":"center","fontSize":"${16*@viewportWidth}","color":"black","opacity":"${imagesData.properties.endingOpacity}"},{"type":"Frame","position":"absolute","height":"10vh","width":"14vw","top":"5vh","left":"4vw","borderRadius":"5vw","borderColor":"#424242","borderWidth":"0.4vw","opacity":"${imagesData.properties.buttonsOpacity}","items":[{"type":"TouchWrapper","id":"gameExitButton","height":"100%","width":"100%","disabled":"${imagesData.properties.disableButtons}","item":{"type":"Text","text":"${imagesData.properties.exitButtonText}","height":"100%","width":"100%","fontSize":"${15*@viewportWidth}","textAlign":"center","textAlignVertical":"center"},"onPress":[{"type":"SendEvent","arguments":["exit"]}]}]},{"type":"Frame","position":"absolute","height":"10vh","width":"18vw","top":"5vh","right":"4vw","borderRadius":"5vw","borderColor":"#424242","borderWidth":"0.4vw","opacity":"${imagesData.properties.buttonsOpacity}","items":[{"type":"TouchWrapper","id":"continueButton","height":"100%","width":"100%","disabled":"${imagesData.properties.disableButtons}","item":{"type":"Text","text":"${imagesData.properties.continueButtonText}","height":"100%","width":"100%","fontSize":"${15*@viewportWidth}","textAlign":"center","textAlignVertical":"center"},"onPress":[{"type":"SendEvent","arguments":["yes"]}]}]}]}]}}