{"type":"APL","version":"2024.2","license":"Copyright 2024 Amazon.com, Inc. or its affiliates. All Rights Reserved.\nSPDX-License-Identifier: LicenseRef-.amazon.com.-AmznSL-1.0\nLicensed under the Amazon Software License  http://aws.amazon.com/asl/","theme":"light","import":[{"name":"alexa-layouts","version":"1.7.0"},{"name":"alexa-viewport-profiles","version":"1.6.0"}],"mainTemplate":{"parameters":["welcomeData"],"items":[{"type":"Container","height":"100%","width":"100%","direction":"column","paddingTop":"10vh","items":[{"type":"AlexaBackground","backgroundColor":"white"},{"type":"Text","text":"${welcomeData.properties.questionText}","fontSize":"${20*@viewportWidth}","height":"20vh","width":"100vw","textAlign":"center","textAlignVertical":"center"},{"type":"Container","height":"25vh","width":"100%","spacing":"3vh","direction":"row","justifyContent":"center","items":[{"type":"TouchWrapper","id":"modeButton","height":"100%","width":"35vw","alignSelf":"center","item":{"type":"Frame","height":"100%","width":"100%","borderRadius":"5vw","borderColor":"#424242","borderWidth":"0.15vw","background":"lightgreen","item":{"type":"Text","text":"${welcomeData.properties.voiceButtonText}","height":"100%","width":"100%","fontSize":"${20*@viewportWidth}","textAlign":"center","textAlignVertical":"center"}},"onPress":[{"type":"SendEvent","arguments":["Voice"]}]},{"type":"TouchWrapper","id":"modeButton","height":"100%","width":"35vw","alignSelf":"center","spacing":"8vw","item":{"type":"Frame","height":"100%","width":"100%","borderRadius":"5vw","borderColor":"#424242","borderWidth":"0.15vw","background":"lightgreen","item":{"type":"Text","text":"${welcomeData.properties.touchButtonText}","height":"100%","width":"100%","fontSize":"${20*@viewportWidth}","textAlign":"center","textAlignVertical":"center"}},"onPress":[{"type":"SendEvent","arguments":["Touch"]}]}]},{"type":"TouchWrapper","id":"modeButton","height":"25vh","width":"35vw","alignSelf":"center","spacing":"8vh","item":{"type":"Frame","height":"100%","width":"100%","borderRadius":"5vw","borderColor":"#424242","borderWidth":"0.15vw","background":"lightgreen","item":{"type":"Text","text":"${welcomeData.properties.fullButtonText}","height":"100%","width":"100%","fontSize":"${20*@viewportWidth}","textAlign":"center","textAlignVertical":"center"}},"onPress":[{"type":"SendEvent","arguments":["Full"]}]},{"type":"TouchWrapper","id":"helpButton","position":"absolute","height":"16.5vh","width":"18vh","bottom":"8vh","right":"6vw","item":{"type":"Image","source":"${welcomeData.properties.helpIcon}","scale":"fill","height":"100%","width":"100%"},"onPress":[{"type":"SendEvent","arguments":["help"]}]}]}]}}