{"type":"APL","version":"2024.2","license":"Copyright 2024 Amazon.com, Inc. or its affiliates. All Rights Reserved.\nSPDX-License-Identifier: LicenseRef-.amazon.com.-AmznSL-1.0\nLicensed under the Amazon Software License  http://aws.amazon.com/asl/","theme":"light","import":[{"name":"alexa-layouts","version":"1.7.0"},{"name":"alexa-viewport-profiles","version":"1.6.0"}],"mainTemplate":{"parameters":["pairsLevelData"],"bind":[],"items":[{"type":"Container","height":"100%","width":"100%","direction":"column","paddingTop":"5vh","alignItems":"center","items":[{"type":"AlexaBackground","backgroundColor":"white"},{"type":"Text","text":"${pairsLevelData.properties.title}","fontSize":"${17*@viewportWidth}","height":"10vh","width":"94vw","textAlign":"center","textAlignVertical":"center"},{"type":"Text","text":"${pairsLevelData.properties.subTitle}","spacing":"7vh","fontSize":"${15*@viewportWidth}","height":"10vh","width":"94vw","textAlign":"center","textAlignVertical":"center"},{"type":"TouchWrapper","id":"pairsLevel","position":"absolute","height":"20vh","width":"20vw","top":"40vh","left":"25vw","item":{"type":"Frame","height":"100%","width":"100%","borderRadius":"1vw","borderColor":"#424242","borderWidth":"0.3vw","item":{"type":"Text","text":"${pairsLevelData.properties.easy}","fontSize":"${15*@viewportWidth}","height":"100%","width":"100%","textAlign":"center","textAlignVertical":"center"}},"onPress":[{"type":"SendEvent","arguments":["1"]}]},{"type":"TouchWrapper","id":"pairsLevel","position":"absolute","height":"20vh","width":"20vw","top":"40vh","left":"55vw","item":{"type":"Frame","height":"100%","width":"100%","borderRadius":"1vw","borderColor":"#424242","borderWidth":"0.3vw","item":{"type":"Text","text":"${pairsLevelData.properties.medium}","fontSize":"${15*@viewportWidth}","height":"100%","width":"100%","textAlign":"center","textAlignVertical":"center"}},"onPress":[{"type":"SendEvent","arguments":["2"]}]},{"type":"TouchWrapper","id":"pairsLevel","position":"absolute","height":"20vh","width":"20vw","top":"70vh","left":"40vw","item":{"type":"Frame","height":"100%","width":"100%","borderRadius":"1vw","borderColor":"#424242","borderWidth":"0.3vw","item":{"type":"Text","text":"${pairsLevelData.properties.hard}","fontSize":"${15*@viewportWidth}","height":"100%","width":"100%","textAlign":"center","textAlignVertical":"center"}},"onPress":[{"type":"SendEvent","arguments":["3"]}]},{"type":"Frame","position":"absolute","height":"10vh","width":"14vw","top":"5vh","left":"4vw","borderRadius":"5vw","borderColor":"#424242","borderWidth":"0.4vw","items":[{"type":"TouchWrapper","id":"pairsExitButton","height":"100%","width":"100%","item":{"type":"Text","text":"${pairsLevelData.properties.exitButtonText}","height":"100%","width":"100%","fontSize":"${15*@viewportWidth}","textAlign":"center","textAlignVertical":"center"},"onPress":[{"type":"SendEvent","arguments":["Voice"]}]}]},{"type":"TouchWrapper","id":"helpButton","position":"absolute","height":"16.5vh","width":"18vh","top":"5vh","right":"4vw","item":{"type":"Image","source":"${pairsLevelData.properties.helpIcon}","scale":"fill","height":"100%","width":"100%"},"onPress":[{"type":"SendEvent","arguments":["help"]}]}]}]}}