{"type":"APL","version":"2024.2","license":"Copyright 2024 Amazon.com, Inc. or its affiliates. All Rights Reserved.\nSPDX-License-Identifier: LicenseRef-.amazon.com.-AmznSL-1.0\nLicensed under the Amazon Software License  http://aws.amazon.com/asl/","theme":"light","import":[{"name":"alexa-layouts","version":"1.7.0"},{"name":"alexa-viewport-profiles","version":"1.6.0"}],"mainTemplate":{"parameters":["pairsData"],"bind":[],"items":[{"type":"Container","height":"100%","width":"100%","direction":"column","paddingTop":"5vh","alignItems":"center","items":[{"type":"AlexaBackground","backgroundColor":"white"},{"type":"Text","text":"${pairsData.properties.title}","fontSize":"${17*@viewportWidth}","height":"10vh","width":"100%","textAlign":"center","textAlignVertical":"center"},{"type":"Container","spacing":"3vh","height":"78vh","width":"70vw","direction":"column","justifyContent":"start","items":[{"type":"Container","position":"absolute","height":"24vh","width":"70vw","direction":"row","justifyContent":"start","items":[{"type":"Text","text":"1","fontSize":"${15*@viewportWidth}","height":"100%","width":"16vw","alignSelf":"center","textAlign":"center","textAlignVertical":"center"},{"type":"Text","text":"2","spacing":"2vw","fontSize":"${15*@viewportWidth}","height":"100%","width":"16vw","alignSelf":"center","textAlign":"center","textAlignVertical":"center"},{"type":"Text","text":"3","spacing":"2vw","fontSize":"${15*@viewportWidth}","height":"100%","width":"16vw","textAlign":"center","textAlignVertical":"center"},{"type":"Text","text":"4","spacing":"2vw","fontSize":"${15*@viewportWidth}","height":"100%","width":"16vw","textAlign":"center","textAlignVertical":"center"}]},{"type":"Container","height":"24vh","width":"100%","direction":"row","justifyContent":"start","items":[{"type":"TouchWrapper","id":"pairsButton","height":"100%","width":"16vw","alignSelf":"center","item":{"type":"Frame","height":"100%","width":"100%","borderRadius":"1vw","borderColor":"#424242","borderWidth":"0.3vw","item":{"type":"Image","source":"${pairsData.properties.color1}","height":"100%","width":"100%","scale":"fill"}},"onPress":[{"type":"SendEvent","arguments":["1"]}]},{"type":"TouchWrapper","id":"pairsButton","height":"100%","width":"16vw","alignSelf":"center","spacing":"2vw","item":{"type":"Frame","height":"100%","width":"100%","borderRadius":"1vw","borderColor":"#424242","borderWidth":"0.3vw","item":{"type":"Image","source":"${pairsData.properties.color2}","height":"100%","width":"100%","scale":"fill"}},"onPress":[{"type":"SendEvent","arguments":["2"]}]},{"type":"TouchWrapper","id":"pairsButton","height":"100%","width":"16vw","alignSelf":"center","spacing":"2vw","item":{"type":"Frame","height":"100%","width":"100%","borderRadius":"1vw","borderColor":"#424242","borderWidth":"0.3vw","item":{"type":"Image","source":"${pairsData.properties.color3}","height":"100%","width":"100%","scale":"fill"}},"onPress":[{"type":"SendEvent","arguments":["3"]}]},{"type":"TouchWrapper","id":"pairsButton","height":"100%","width":"16vw","alignSelf":"center","spacing":"2vw","item":{"type":"Frame","height":"100%","width":"100%","borderRadius":"1vw","borderColor":"#424242","borderWidth":"0.3vw","item":{"type":"Image","source":"${pairsData.properties.color4}","height":"100%","width":"100%","scale":"fill"}},"onPress":[{"type":"SendEvent","arguments":["4"]}]}]},{"type":"Container","position":"absolute","height":"24vh","width":"70vw","top":"27vh","direction":"row","justifyContent":"start","items":[{"type":"Text","text":"5","fontSize":"${15*@viewportWidth}","height":"100%","width":"16vw","alignSelf":"center","textAlign":"center","textAlignVertical":"center"},{"type":"Text","text":"6","spacing":"2vw","fontSize":"${15*@viewportWidth}","height":"100%","width":"16vw","alignSelf":"center","textAlign":"center","textAlignVertical":"center"},{"type":"Text","text":"7","spacing":"2vw","fontSize":"${15*@viewportWidth}","height":"100%","width":"16vw","textAlign":"center","textAlignVertical":"center"},{"type":"Text","text":"8","spacing":"2vw","fontSize":"${15*@viewportWidth}","height":"100%","width":"16vw","textAlign":"center","textAlignVertical":"center"}]},{"type":"Container","height":"24vh","width":"73vw","direction":"row","justifyContent":"start","spacing":"3vh","items":[{"type":"TouchWrapper","id":"pairsButton","height":"100%","width":"16vw","alignSelf":"center","item":{"type":"Frame","height":"100%","width":"100%","borderRadius":"1vw","borderColor":"#424242","borderWidth":"0.3vw","item":{"type":"Image","source":"${pairsData.properties.color5}","height":"100%","width":"100%","scale":"fill"}},"onPress":[{"type":"SendEvent","arguments":["5"]}]},{"type":"TouchWrapper","id":"pairsButton","height":"100%","width":"16vw","alignSelf":"center","spacing":"2vw","item":{"type":"Frame","height":"100%","width":"100%","borderRadius":"1vw","borderColor":"#424242","borderWidth":"0.3vw","item":{"type":"Image","source":"${pairsData.properties.color6}","height":"100%","width":"100%","scale":"fill"}},"onPress":[{"type":"SendEvent","arguments":["6"]}]},{"type":"TouchWrapper","id":"pairsButton","height":"100%","width":"16vw","alignSelf":"center","spacing":"2vw","item":{"type":"Frame","height":"100%","width":"100%","borderRadius":"1vw","borderColor":"#424242","borderWidth":"0.3vw","item":{"type":"Image","source":"${pairsData.properties.color7}","height":"100%","width":"100%","scale":"fill"}},"onPress":[{"type":"SendEvent","arguments":["7"]}]},{"type":"TouchWrapper","id":"pairsButton","height":"100%","width":"16vw","alignSelf":"center","spacing":"2vw","item":{"type":"Frame","height":"100%","width":"100%","borderRadius":"1vw","borderColor":"#424242","borderWidth":"0.3vw","item":{"type":"Image","source":"${pairsData.properties.color8}","height":"100%","width":"100%","scale":"fill"}},"onPress":[{"type":"SendEvent","arguments":["8"]}]}]},{"type":"Container","position":"absolute","height":"24vh","width":"70vw","top":"54vh","direction":"row","justifyContent":"start","items":[{"type":"Text","text":"9","fontSize":"${15*@viewportWidth}","height":"100%","width":"16vw","alignSelf":"center","textAlign":"center","textAlignVertical":"center"},{"type":"Text","text":"10","spacing":"2vw","fontSize":"${15*@viewportWidth}","height":"100%","width":"16vw","alignSelf":"center","textAlign":"center","textAlignVertical":"center"},{"type":"Text","text":"11","spacing":"2vw","fontSize":"${15*@viewportWidth}","height":"100%","width":"16vw","textAlign":"center","textAlignVertical":"center"},{"type":"Text","text":"12","spacing":"2vw","fontSize":"${15*@viewportWidth}","height":"100%","width":"16vw","textAlign":"center","textAlignVertical":"center"}]},{"type":"Container","height":"24vh","width":"73vw","direction":"row","justifyContent":"start","spacing":"3vh","items":[{"type":"TouchWrapper","id":"pairsButton","height":"100%","width":"16vw","alignSelf":"center","item":{"type":"Frame","height":"100%","width":"100%","borderRadius":"1vw","borderColor":"#424242","borderWidth":"0.3vw","item":{"type":"Image","source":"${pairsData.properties.color9}","height":"100%","width":"100%","scale":"fill"}},"onPress":[{"type":"SendEvent","arguments":["9"]}]},{"type":"TouchWrapper","id":"pairsButton","height":"100%","width":"16vw","alignSelf":"center","spacing":"2vw","item":{"type":"Frame","height":"100%","width":"100%","borderRadius":"1vw","borderColor":"#424242","borderWidth":"0.3vw","item":{"type":"Image","source":"${pairsData.properties.color10}","height":"100%","width":"100%","scale":"fill"}},"onPress":[{"type":"SendEvent","arguments":["10"]}]},{"type":"TouchWrapper","id":"pairsButton","height":"100%","width":"16vw","alignSelf":"center","spacing":"2vw","item":{"type":"Frame","height":"100%","width":"100%","borderRadius":"1vw","borderColor":"#424242","borderWidth":"0.3vw","item":{"type":"Image","source":"${pairsData.properties.color11}","height":"100%","width":"100%","scale":"fill"}},"onPress":[{"type":"SendEvent","arguments":["11"]}]},{"type":"TouchWrapper","id":"pairsButton","height":"100%","width":"16vw","alignSelf":"center","spacing":"2vw","item":{"type":"Frame","height":"100%","width":"100%","borderRadius":"1vw","borderColor":"#424242","borderWidth":"0.3vw","item":{"type":"Image","height":"100%","width":"100%","source":"${pairsData.properties.color12}","scale":"fill"}},"onPress":[{"type":"SendEvent","arguments":["12"]}]}]}]},{"type":"Text","position":"absolute","text":"${pairsData.properties.pairsText}","height":"10vh","width":"16vw","top":"5vh","right":"4vw","fontSize":"${15*@viewportWidth}","color":"green","textAlign":"center","textAlignVertical":"center"},{"type":"Container","position":"absolute","height":"20vh","width":"15vw","top":"35vh","right":"0vw","direction":"column","justifyContent":"start","items":[{"type":"Text","text":"${pairsData.properties.triesText}","height":"10vh","width":"100%","fontSize":"${14*@viewportWidth}","color":"black","textAlign":"center","textAlignVertical":"center"},{"type":"Text","text":"${pairsData.properties.tries}","height":"10vh","width":"100%","fontSize":"${17*@viewportWidth}","color":"black","textAlign":"center","textAlignVertical":"center"}]},{"type":"Frame","position":"absolute","height":"10vh","width":"14vw","top":"5vh","left":"4vw","borderRadius":"5vw","borderColor":"#424242","borderWidth":"0.4vw","items":[{"type":"TouchWrapper","id":"gameExitButton","height":"100%","width":"100%","item":{"type":"Text","text":"${pairsData.properties.exitButtonText}","height":"100%","width":"100%","fontSize":"${15*@viewportWidth}","textAlign":"center","textAlignVertical":"center"},"onPress":[{"type":"SendEvent","arguments":["exit"]}]}]},{"type":"TouchWrapper","id":"helpButton","position":"absolute","height":"16.5vh","width":"10vw","top":"65vh","right":"2.5vw","item":{"type":"Image","source":"${pairsData.properties.helpIcon}","scale":"fill","height":"100%","width":"100%"},"onPress":[{"type":"SendEvent","arguments":["help"]}]}]}]}}