{"imagesData":{"properties":{"title":"Encuentra el trozo de mapa","turn":"Grupo 1","image1":"https://raw.githubusercontent.com/Berty980/TFG_resources/main/images/Option1-0.png","image2":"https://raw.githubusercontent.com/Berty980/TFG_resources/main/images/Option1-1.png","image3":"https://raw.githubusercontent.com/Berty980/TFG_resources/main/images/Option1-2.png","image4":"https://raw.githubusercontent.com/Berty980/TFG_resources/main/images/Option1-3.png","frameColor1":"","frameColor2":"","frameColor3":"","frameColor4":"","repeat_image":"https://raw.githubusercontent.com/Berty980/TFG_resources/main/images/repeat_image.png","avatar":"https://raw.githubusercontent.com/Berty980/TFG_resources/main/images/avatar_happy.png","exitButtonText":"Volver","continueButtonText":"Continuar","helpIcon":"https://raw.githubusercontent.com/Berty980/TFG_resources/refs/heads/main/images/help_icon.png","disableButtons":true,"buttonsOpacity":1,"endingOpacity":1}}}