{"type":"APL","version":"2024.2","license":"Copyright 2024 Amazon.com, Inc. or its affiliates. All Rights Reserved.\nSPDX-License-Identifier: LicenseRef-.amazon.com.-AmznSL-1.0\nLicensed under the Amazon Software License  http://aws.amazon.com/asl/","theme":"light","import":[{"name":"alexa-layouts","version":"1.7.0"},{"name":"alexa-viewport-profiles","version":"1.6.0"}],"mainTemplate":{"parameters":["catalogData"],"bind":[],"items":[{"type":"Container","height":"100%","width":"100%","direction":"column","justifyContent":"start","paddingTop":"5vh","paddingLeft":"5vw","items":[{"type":"AlexaBackground","backgroundColor":"white"},{"type":"Text","text":"${catalogData.properties.title}","fontSize":"${17*@viewportWidth}","height":"10vh","width":"90vw","textAlign":"center","textAlignVertical":"center"},{"type":"Container","height":"70vh","width":"90vw","direction":"column","justifyContent":"start","spacing":"5vh","items":[{"type":"Container","height":"25vh","width":"100%","direction":"row","justifyContent":"start","items":[{"type":"Text","text":"${catalogData.properties.game1}","fontSize":"${15*@viewportWidth}","height":"100%","width":"25vw","textAlign":"center","textAlignVertical":"center"},{"type":"Text","text":"${catalogData.properties.game2}","fontSize":"${15*@viewportWidth}","height":"100%","width":"25vw","spacing":"7.5vw","textAlign":"center","textAlignVertical":"center"},{"type":"Text","text":"${catalogData.properties.game3}","fontSize":"${15*@viewportWidth}","height":"100%","width":"25vw","spacing":"7.5vw","textAlign":"center","textAlignVertical":"center"}]},{"type":"Container","height":"40vh","width":"100%","direction":"row","justifyContent":"center","items":[{"type":"TouchWrapper","id":"catalogGameButton","height":"100%","width":"25vw","alignSelf":"center","disabled":"${catalogData.properties.disableButtons}","item":{"type":"Frame","height":"100%","width":"100%","borderRadius":"1vw","borderColor":"#424242","borderWidth":"0.3vw","item":{"type":"Image","source":"${catalogData.properties.imageGame1}","height":"100%","width":"100%","scale":"fill"}},"onPress":[{"type":"SendEvent","arguments":["encontrar las parejas"]}]},{"type":"TouchWrapper","id":"catalogGameButton","height":"100%","width":"25vw","alignSelf":"center","spacing":"7.5vw","disabled":"${catalogData.properties.disableButtons}","item":{"type":"Frame","height":"100%","width":"100%","borderRadius":"1vw","borderColor":"#424242","borderWidth":"0.3vw","item":{"type":"Image","source":"${catalogData.properties.imageGame2}","height":"100%","width":"100%","scale":"fill"}},"onPress":[{"type":"SendEvent","arguments":["adivinar el deporte"]}]},{"type":"TouchWrapper","id":"catalogGameButton","height":"100%","width":"25vw","alignSelf":"center","spacing":"7.5vw","disabled":"${catalogData.properties.disableButtons}","item":{"type":"Frame","height":"100%","width":"100%","borderRadius":"1vw","borderColor":"#424242","borderWidth":"0.3vw","item":{"type":"Image","source":"${catalogData.properties.imageGame3}","height":"100%","width":"100%","scale":"fill"}},"onPress":[{"type":"SendEvent","arguments":["encontremos el mapa"]}]}]}]},{"type":"Frame","position":"absolute","height":"10vh","width":"14vw","top":"5vh","left":"4vw","borderRadius":"5vw","borderColor":"#424242","borderWidth":"0.4vw","opacity":"${catalogData.properties.buttonsOpacity}","items":[{"type":"TouchWrapper","id":"exitButton","height":"100%","width":"100%","disabled":"${catalogData.properties.disableButtons}","item":{"type":"Text","text":"${catalogData.properties.exitButtonText}","height":"100%","width":"100%","fontSize":"${15*@viewportWidth}","textAlign":"center","textAlignVertical":"center"},"onPress":[{"type":"SendEvent","arguments":["Voice"]}]}]},{"type":"TouchWrapper","id":"helpButton","position":"absolute","height":"16.5vh","width":"18vh","top":"2vh","left":"81%","item":{"type":"Image","source":"${catalogData.properties.helpIcon}","scale":"fill","height":"100%","width":"100%"},"onPress":[{"type":"SendEvent","arguments":["help"]}]}]}]}}