{"type":"APL","version":"2024.2","license":"Copyright 2024 Amazon.com, Inc. or its affiliates. All Rights Reserved.\nSPDX-License-Identifier: LicenseRef-.amazon.com.-AmznSL-1.0\nLicensed under the Amazon Software License  http://aws.amazon.com/asl/","theme":"light","import":[{"name":"alexa-layouts","version":"1.7.0"},{"name":"alexa-viewport-profiles","version":"1.6.0"}],"mainTemplate":{"parameters":["labData"],"items":[{"type":"Container","width":"100%","height":"100%","item":[{"type":"AlexaBackground","backgroundColor":"white"},{"type":"Text","text":"${labData.properties.title}","textAlign":"center","textAlignVertical":"center","fontSize":"${17*@viewportWidth}","height":"10vh","width":"100%","top":"5vh"},{"type":"Container","position":"absolute","width":"18vw","height":"30vh","top":"25vh","direction":"column","items":[{"type":"Text","text":"${labData.properties.groupTurnText}","textAlign":"center","textAlignVertical":"top","fontSize":"${16*@viewportWidth}","height":"30%","width":"100%","color":"black","opacity":"${labData.properties.mapOpacity}"},{"type":"Text","text":"${labData.properties.movesText}:","textAlign":"center","textAlignVertical":"bottom","fontSize":"${12*@viewportWidth}","height":"20%","width":"100%","color":"black","opacity":"${labData.properties.mapOpacity}"},{"type":"Text","text":"${labData.properties.moves}","textAlign":"center","textAlignVertical":"center","fontSize":"${30*@viewportWidth}","height":"50%","width":"100%","color":"black","opacity":"${labData.properties.mapOpacity}"}]},{"type":"Frame","position":"absolute","height":"64vh","width":"78.4vw","top":"25vh","left":"18vw","item":[{"type":"Image","source":"${labData.properties.labyrinth}","width":"100%","height":"100%","scale":"fill","opacity":"${labData.properties.mapOpacity}"}]},{"type":"Image","position":"absolute","height":"10vh","width":"4.3vw","left":"47.7vw","top":"63vh","opacity":"${labData.properties.monument1Opacity}","source":"${labData.properties.monument1}"},{"type":"Image","position":"absolute","height":"10vh","width":"4.3vw","left":"62.4vw","top":"55vh","opacity":"${labData.properties.monument2Opacity}","source":"${labData.properties.monument2}"},{"type":"Image","position":"absolute","height":"10vh","width":"4.3vw","left":"52.6vw","top":"47vh","opacity":"${labData.properties.monument3Opacity}","source":"${labData.properties.monument3}"},{"type":"Image","position":"absolute","height":"10vh","width":"4.3vw","left":"62.4vw","top":"31vh","opacity":"${labData.properties.monument4Opacity}","source":"${labData.properties.monument4}"},{"type":"Frame","position":"absolute","width":"4.9vw","height":"8vh","left":"${labData.properties.p1Left}","top":"${labData.properties.p1Top}","borderColor":"${labData.properties.p1BorderColor}","borderWidth":"0.3vw","opacity":"${labData.properties.mapOpacity}","item":{"type":"Image","source":"${labData.properties.p1}","width":"100%","height":"100%","scale":"fill"}},{"type":"Frame","position":"absolute","width":"4.9vw","height":"8vh","left":"${labData.properties.p2Left}","top":"${labData.properties.p2Top}","borderColor":"${labData.properties.p2BorderColor}","borderWidth":"0.3vw","opacity":"${labData.properties.mapOpacity}","item":{"type":"Image","source":"${labData.properties.p2}","width":"100%","height":"100%","scale":"fill"}},{"type":"Frame","position":"absolute","width":"4.9vw","height":"8vh","left":"${labData.properties.p3Left}","top":"${labData.properties.p3Top}","borderColor":"${labData.properties.p3BorderColor}","borderWidth":"0.3vw","opacity":"${labData.properties.mapOpacity}","item":{"type":"Image","source":"${labData.properties.p3}","width":"100%","height":"100%","scale":"fill"}},{"type":"Frame","position":"absolute","width":"4.9vw","height":"8vh","left":"${labData.properties.p4Left}","top":"${labData.properties.p4Top}","borderColor":"${labData.properties.p4BorderColor}","borderWidth":"0.3vw","opacity":"${labData.properties.mapOpacity}","item":{"type":"Image","source":"${labData.properties.p4}","width":"100%","height":"100%","scale":"fill"}},{"type":"TouchWrapper","id":"directionButton","position":"absolute","height":"8vh","width":"6vw","top":"70vh","left":"1vw","opacity":"${labData.properties.mapOpacity * labData.properties.buttonsOpacity}}","disabled":"${labData.properties.disableButtons}","item":{"type":"Frame","height":"100%","width":"100%","borderRadius":"1vw","borderColor":"#424242","borderWidth":"0.3vw","item":{"type":"Image","source":"${labData.properties.arrowLeft}","height":"100%","width":"100%","scale":"fill"}},"onPress":[{"type":"SendEvent","arguments":["izquierda"]}]},{"type":"TouchWrapper","id":"directionButton","position":"absolute","height":"8vh","width":"6vw","top":"70vh","left":"11vw","opacity":"${labData.properties.mapOpacity * labData.properties.buttonsOpacity}}","disabled":"${labData.properties.disableButtons}","item":{"type":"Frame","height":"100%","width":"100%","borderRadius":"1vw","borderColor":"#424242","borderWidth":"0.3vw","item":{"type":"Image","source":"${labData.properties.arrowRight}","height":"100%","width":"100%","scale":"fill"}},"onPress":[{"type":"SendEvent","arguments":["derecha"]}]},{"type":"TouchWrapper","id":"directionButton","position":"absolute","height":"8vh","width":"6vw","top":"78vh","left":"6vw","opacity":"${labData.properties.mapOpacity * labData.properties.buttonsOpacity}}","disabled":"${labData.properties.disableButtons}","item":{"type":"Frame","height":"100%","width":"100%","borderRadius":"1vw","borderColor":"#424242","borderWidth":"0.3vw","item":{"type":"Image","source":"${labData.properties.arrowDown}","height":"100%","width":"100%","scale":"fill"}},"onPress":[{"type":"SendEvent","arguments":["abajo"]}]},{"type":"TouchWrapper","id":"directionButton","position":"absolute","height":"8vh","width":"6vw","top":"62vh","left":"6vw","opacity":"${labData.properties.mapOpacity * labData.properties.buttonsOpacity}}","disabled":"${labData.properties.disableButtons}","item":{"type":"Frame","height":"100%","width":"100%","borderRadius":"1vw","borderColor":"#424242","borderWidth":"0.3vw","item":{"type":"Image","source":"${labData.properties.arrowUp}","height":"100%","width":"100%","scale":"fill"}},"onPress":[{"type":"SendEvent","arguments":["arriba"]}]},{"type":"Container","position":"absolute","top":"42vh","left":"24vw","width":"65vw","height":"50vh","direction":"column","opacity":"${labData.properties.questionOpacity}","items":[{"type":"Image","position":"absolute","height":"100%","width":"100%","source":"${labData.properties.labQuestionBackground}","scale":"fill","opacity":1},{"type":"Container","height":"18vh","width":"58vw","alignSelf":"center","opacity":1,"item":[{"type":"Text","text":"${labData.properties.question}","fontSize":"${13*@viewportWidth}","textAlignVertical":"center","textAlign":"center","height":"100%","width":"100%","color":"black"}]},{"type":"Container","height":"12vh","width":"55vw","alignSelf":"center","direction":"row","opacity":1,"items":[{"type":"Image","position":"absolute","height":"100%","width":"25vw","source":"${labData.properties.labOptionBackground}","scale":"fill","opacity":1},{"type":"TouchWrapper","id":"answerButton","height":"100%","width":"25vw","alignSelf":"center","disabled":"${labData.properties.disableButtons}","item":{"type":"Frame","height":"100%","width":"25vw","borderWidth":"${3*@viewportWidth}","borderColor":"${labData.properties.aBorder1}","borderRadius":"${6*@viewportWidth}","opacity":1,"items":[{"type":"Text","text":"${labData.properties.qOption1}","fontSize":"${12*@viewportWidth}","height":"100%","width":"100%","color":"black","textAlign":"center","textAlignVertical":"center"}]},"onPress":[{"type":"SendEvent","arguments":["1"]}]},{"type":"Image","position":"absolute","height":"100%","width":"25vw","left":"30vw","source":"${labData.properties.labOptionBackground}","scale":"fill","opacity":1},{"type":"TouchWrapper","id":"answerButton","height":"100%","width":"25vw","alignSelf":"center","spacing":"5vw","disabled":"${labData.properties.disableButtons}","item":{"type":"Frame","height":"100%","width":"100%","borderWidth":"${3*@viewportWidth}","borderColor":"${labData.properties.aBorder2}","borderRadius":"${6*@viewportWidth}","opacity":1,"items":[{"type":"Text","text":"${labData.properties.qOption2}","fontSize":"${12*@viewportWidth}","height":"100%","width":"100%","color":"black","textAlign":"center","textAlignVertical":"center"}]},"onPress":[{"type":"SendEvent","arguments":["2"]}]}]},{"type":"Container","height":"12vh","width":"55vw","alignSelf":"center","direction":"row","opacity":1,"spacing":"3vh","items":[{"type":"Image","position":"absolute","height":"100%","width":"25vw","source":"${labData.properties.labOptionBackground}","scale":"fill","opacity":1},{"type":"TouchWrapper","id":"answerButton","height":"100%","width":"25vw","alignSelf":"center","disabled":"${labData.properties.disableButtons}","item":{"type":"Frame","height":"100%","width":"25vw","borderWidth":"${3*@viewportWidth}","borderColor":"${labData.properties.aBorder3}","borderRadius":"${6*@viewportWidth}","opacity":1,"items":[{"type":"Text","text":"${labData.properties.qOption3}","fontSize":"${12*@viewportWidth}","height":"100%","width":"100%","color":"black","textAlign":"center","textAlignVertical":"center"}]},"onPress":[{"type":"SendEvent","arguments":["3"]}]},{"type":"Image","position":"absolute","height":"100%","width":"25vw","left":"30vw","source":"${labData.properties.labOptionBackground}","scale":"fill","opacity":1},{"type":"TouchWrapper","id":"answerButton","height":"100%","width":"25vw","alignSelf":"center","spacing":"5vw","disabled":"${labData.properties.disableButtons}","item":{"type":"Frame","height":"100%","width":"25vw","borderWidth":"${3*@viewportWidth}","borderColor":"${labData.properties.aBorder4}","borderRadius":"${6*@viewportWidth}","opacity":1,"items":[{"type":"Text","text":"${labData.properties.qOption4}","fontSize":"${12*@viewportWidth}","height":"100%","width":"100%","color":"black","textAlign":"center","textAlignVertical":"center"}]},"onPress":[{"type":"SendEvent","arguments":["4"]}]}]}]},{"type":"Image","position":"absolute","height":"34vh","width":"16vw","source":"${labData.properties.avatar}","scale":"best-fill","bottom":"0vh","left":"5vw","opacity":"${labData.properties.questionOpacity}"},{"type":"Frame","position":"absolute","height":"10vh","width":"14vw","top":"5vh","left":"4vw","borderRadius":"5vw","borderColor":"#424242","borderWidth":"0.4vw","opacity":"${labData.properties.buttonsOpacity}","items":[{"type":"TouchWrapper","id":"pairsExitButton","height":"100%","width":"100%","disabled":"${labData.properties.disableButtons}","item":{"type":"Text","text":"${labData.properties.exitButtonText}","height":"100%","width":"100%","fontSize":"${15*@viewportWidth}","textAlign":"center","textAlignVertical":"center"},"onPress":[{"type":"SendEvent","arguments":["exit"]}]}]},{"type":"Frame","position":"absolute","height":"10vh","width":"18vw","top":"5vh","right":"4vw","borderRadius":"5vw","borderColor":"#424242","borderWidth":"0.4vw","opacity":"${labData.properties.buttonsOpacity}","items":[{"type":"TouchWrapper","id":"continueButton","height":"100%","width":"100%","disabled":"${labData.properties.disableButtons}","item":{"type":"Text","text":"${labData.properties.continueButtonText}","height":"100%","width":"100%","fontSize":"${15*@viewportWidth}","textAlign":"center","textAlignVertical":"center"},"onPress":[{"type":"SendEvent","arguments":["yes"]}]}]},{"type":"TouchWrapper","id":"helpButton","position":"absolute","height":"16.5vh","width":"18vh","top":"2vh","left":"21%","item":{"type":"Image","source":"${labData.properties.helpIcon}","scale":"fill","height":"100%","width":"100%"},"onPress":[{"type":"SendEvent","arguments":["help"]}]}]}]}}