{"labData":{"properties":{"p1":"https://raw.githubusercontent.com/Berty980/TFG_resources/main/images/labAvatar1.png","p2":"https://raw.githubusercontent.com/Berty980/TFG_resources/main/images/labAvatar2.png","p3":"https://raw.githubusercontent.com/Berty980/TFG_resources/main/images/labAvatar3.png","p4":"https://raw.githubusercontent.com/Berty980/TFG_resources/main/images/labAvatar4.png","p1Left":"18vw","p2Left":"18vw","p3Left":"91.5vw","p4Left":"91.5vw","p1Top":"25vh","p2Top":"81vh","p3Top":"25vh","p4Top":"81vh","question":"¿Qué famoso monumento se construyó en el siglo XIV?","qOption1":"El torico","qOption2":"El viaducto","qOption3":"La Torre de San Martín","qOption4":"Los amantes","aBorder1":"","aBorder2":"","aBorder3":"","aBorder4":"","moves":"5","group":"1","questionOpacity":0,"mapOpacity":1,"monument1Opacity":1,"monument2Opacity":1,"monument3Opacity":1,"monument4Opacity":1,"p1BorderColor":"","p2BorderColor":"","p3BorderColor":"","p4BorderColor":"","title":"Hagamos turismo","groupTurnText":"Grupo 1","movesText":"Movimientos","helpIcon":"https://raw.githubusercontent.com/Berty980/TFG_resources/main/images/help_icon.png","monument1":"https://raw.githubusercontent.com/Berty980/TFG_resources/main/images/monument_1.png","monument2":"https://raw.githubusercontent.com/Berty980/TFG_resources/main/images/monument_2.png","monument3":"https://raw.githubusercontent.com/Berty980/TFG_resources/main/images/monument_3.png","monument4":"https://raw.githubusercontent.com/Berty980/TFG_resources/main/images/monument_4.png","arrowUp":"https://raw.githubusercontent.com/Berty980/TFG_resources/main/images/arrow_up.png","arrowDown":"https://raw.githubusercontent.com/Berty980/TFG_resources/main/images/arrow_down.png","arrowLeft":"https://raw.githubusercontent.com/Berty980/TFG_resources/main/images/arrow_left.png","arrowRight":"https://raw.githubusercontent.com/Berty980/TFG_resources/main/images/arrow_right.png","labyrinth":"https://raw.githubusercontent.com/Berty980/TFG_resources/main/images/labyrinth.png","avatar":"https://raw.githubusercontent.com/Berty980/TFG_resources/main/images/avatar_happy.png","labOptionBackground":"https://raw.githubusercontent.com/Berty980/TFG_resources/main/images/lab_option_background.png","labQuestionBackground":"https://raw.githubusercontent.com/Berty980/TFG_resources/main/images/lab_question_background.png","exitButtonText":"Volver","continueButtonText":"Continuar","disableButtons":false,"buttonsOpacity":1}}}